"Sales Date","Deposit Date","Store ID","Retek Code",Brand,ColBank,"Wallet Sale","Deposit Amount",Difference[Sale-Deposit],"Pending Difference","Reconcilied Difference",Status,"Reconciliation Status"
01-04-2024,01-04-2024,2446,42446,"PLANET FASHION","WALLET PHONEPAY",.00,5993.60,-5993.60,-5993.60,,"Not Matched",Pending
01-04-2024,01-04-2024,2891,62891,"PE RED","WALLET PHONEPAY",9.00,1508.18,-1499.18,-1499.18,,"Not Matched",Pending
01-04-2024,01-04-2024,3835,63835,"PE BLUE","WALLET PHONEPAY",10596.00,15845.00,-5249.00,-5249.00,,"Not Matched",Pending
01-04-2024,01-04-2024,3888,63888,"PE BLUE","WALLET PHONEPAY",369.00,5367.00,-4998.00,-4998.00,,"Not Matched",Pending
01-04-2024,01-04-2024,5527,15527,"LOUIS PHILIPPE","WALLET PHONEPAY",32993.00,34387.00,-1394.00,-1394.00,,"Not Matched",Pending
01-04-2024,01-04-2024,5863,15863,"LP ALL STAR","WALLET PHONEPAY",5695.00,10093.00,-4398.00,-4398.00,,"Not Matched",Pending
01-04-2024,01-04-2024,6214,66214,"PE RED","WALLET PHONEPAY",12989.16,14988.23,-1999.07,-1999.07,,"Not Matched",Pending
01-04-2024,01-04-2024,6269,66269,"PE RED","WALLET PHONEPAY",.00,987.56,-987.56,-987.56,,"Not Matched",Pending
01-04-2024,01-04-2024,6393,66393,"PE BLUE","WALLET PHONEPAY",27442.60,40240.90,-12798.30,-12798.30,,"Not Matched",Pending
01-04-2024,01-04-2024,6757,86757,"LOUIS PHILIPPE VALUE STORE","WALLET PHONEPAY",17890.25,22088.75,-4198.50,-4198.50,,"Not Matched",Pending
01-04-2024,01-04-2024,8446,78446,"FOREVER 21","WALLET PHONEPAY",.00,4695.00,-4695.00,-4695.00,,"Not Matched",Pending
01-04-2024,01-04-2024,9421,59421,"AMERICAN EAGLE","WALLET PHONEPAY",.00,22440.75,-22440.75,-22440.75,,"Not Matched",Pending
01-04-2024,01-04-2024,9650,29650,"VAN HEUSEN","WALLET PHONEPAY",1099.00,1699.00,-600.00,-600.00,,"Not Matched",Pending
01-04-2024,01-04-2024,9701,59701,"AMERICAN EAGLE","WALLET PHONEPAY",.00,19992.00,-19992.00,-19992.00,,"Not Matched",Pending
01-04-2024,01-04-2024,9704,59704,"AMERICAN EAGLE","WALLET PHONEPAY",.00,8397.75,-8397.75,-8397.75,,"Not Matched",Pending
02-04-2024,02-04-2024,1022,41022,"PLANET FASHION","WALLET PHONEPAY",5249.25,10498.50,-5249.25,-5249.25,,"Not Matched",Pending
02-04-2024,02-04-2024,1097,11097,"LOUIS PHILIPPE","WALLET PHONEPAY",10597.00,14095.00,-3498.00,-3498.00,,"Not Matched",Pending
02-04-2024,02-04-2024,1233,21233,"VAN HEUSEN","WALLET PHONEPAY",9978.80,15076.80,-5098.00,-5098.00,,"Not Matched",Pending
02-04-2024,02-04-2024,2977,32977,"ALLEN SOLLY","WALLET PHONEPAY",15895.00,17694.00,-1799.00,-1799.00,,"Not Matched",Pending
02-04-2024,02-04-2024,3654,63654,"PE RED","WALLET PHONEPAY",.00,-1599.00,1599.00,1599.00,,"Not Matched",Pending
02-04-2024,02-04-2024,3788,13788,"LOUIS PHILIPPE","WALLET PHONEPAY",1299.00,3297.00,-1998.00,-1998.00,,"Not Matched",Pending
02-04-2024,02-04-2024,3809,63809,"PE BLUE","WALLET PHONEPAY",1799.00,6799.00,-5000.00,-5000.00,,"Not Matched",Pending
02-04-2024,02-04-2024,3849,63849,"PE BLUE","WALLET PHONEPAY",.00,6946.00,-6946.00,-6946.00,,"Not Matched",Pending
02-04-2024,02-04-2024,5822,65822,"PE BLUE","WALLET PHONEPAY",.00,7945.00,-7945.00,-7945.00,,"Not Matched",Pending
02-04-2024,02-04-2024,6101,66101,"PE RED","WALLET PHONEPAY",7094.11,8893.18,-1799.07,-1799.07,,"Not Matched",Pending
02-04-2024,02-04-2024,6200,66200,"PE RED","WALLET PHONEPAY",.00,700.00,-700.00,-700.00,,"Not Matched",Pending
02-04-2024,02-04-2024,6249,66249,"PE BLUE","WALLET PHONEPAY",.00,-298.00,298.00,298.00,,"Not Matched",Pending
02-04-2024,02-04-2024,6366,66366,"PE RED","WALLET PHONEPAY",4797.20,6296.20,-1499.00,-1499.00,,"Not Matched",Pending
02-04-2024,02-04-2024,6393,66393,"PE BLUE","WALLET PHONEPAY",.00,-12798.30,12798.30,12798.30,,"Not Matched",Pending
02-04-2024,02-04-2024,6400,66400,"PE BLUE","WALLET PHONEPAY",10241.00,11840.00,-1599.00,-1599.00,,"Not Matched",Pending
02-04-2024,02-04-2024,6816,66816,"PE BLUE","WALLET PHONEPAY",9545.00,9695.00,-150.00,-150.00,,"Not Matched",Pending
02-04-2024,02-04-2024,7561,27561,"VAN HEUSEN","WALLET PHONEPAY",.00,1499.00,-1499.00,-1499.00,,"Not Matched",Pending
02-04-2024,02-04-2024,7820,17820,"LP ALL STAR","WALLET PHONEPAY",5596.00,7595.00,-1999.00,-1999.00,,"Not Matched",Pending
02-04-2024,02-04-2024,7858,37858,"AS PRIME","WALLET PHONEPAY",9372.80,12669.80,-3297.00,-3297.00,,"Not Matched",Pending
02-04-2024,02-04-2024,7879,17879,"LP ALL STAR","WALLET PHONEPAY",3148.00,4797.00,-1649.00,-1649.00,,"Not Matched",Pending
02-04-2024,02-04-2024,9421,59421,"AMERICAN EAGLE","WALLET PHONEPAY",.00,22769.00,-22769.00,-22769.00,,"Not Matched",Pending
02-04-2024,02-04-2024,9654,39654,"ALLEN SOLLY","WALLET PHONEPAY",.00,5598.00,-5598.00,-5598.00,,"Not Matched",Pending
02-04-2024,02-04-2024,9701,59701,"AMERICAN EAGLE","WALLET PHONEPAY",.00,11792.75,-11792.75,-11792.75,,"Not Matched",Pending
02-04-2024,02-04-2024,9704,59704,"AMERICAN EAGLE","WALLET PHONEPAY",.00,4299.00,-4299.00,-4299.00,,"Not Matched",Pending
02-04-2024,02-04-2024,9712,59712,"AMERICAN EAGLE","WALLET PHONEPAY",.00,10120.50,-10120.50,-10120.50,,"Not Matched",Pending
02-04-2024,02-04-2024,9717,59717,"AMERICAN EAGLE","WALLET PHONEPAY",.00,15664.10,-15664.10,-15664.10,,"Not Matched",Pending
02-04-2024,02-04-2024,9754,39754,"ALLEN SOLLY","WALLET PHONEPAY",8376.80,11375.80,-2999.00,-2999.00,,"Not Matched",Pending
02-04-2024,02-04-2024,9995,19995,"LOUIS PHILIPPE","WALLET PHONEPAY",1172.30,24220.30,-23048.00,-23048.00,,"Not Matched",Pending
03-04-2024,03-04-2024,1022,41022,"PLANET FASHION","WALLET PHONEPAY",10495.00,5245.75,5249.25,5249.25,,"Not Matched",Pending
03-04-2024,03-04-2024,1039,41039,"PLANET FASHION","WALLET PHONEPAY",.00,589.00,-589.00,-589.00,,"Not Matched",Pending
03-04-2024,03-04-2024,3788,13788,"LOUIS PHILIPPE","WALLET PHONEPAY",16096.00,19445.00,-3349.00,-3349.00,,"Not Matched",Pending
03-04-2024,03-04-2024,3835,63835,"PE BLUE","WALLET PHONEPAY",5447.00,198.00,5249.00,5249.00,,"Not Matched",Pending
03-04-2024,03-04-2024,3885,63885,"PE RED","WALLET PHONEPAY",1059.00,1758.00,-699.00,-699.00,,"Not Matched",Pending
03-04-2024,03-04-2024,3935,63935,"PE BLUE","WALLET PHONEPAY",8553.00,15100.00,-6547.00,-6547.00,,"Not Matched",Pending
03-04-2024,03-04-2024,4459,84459,"ALLEN SOLLY VALUE STORE","WALLET PHONEPAY",.00,4596.00,-4596.00,-4596.00,,"Not Matched",Pending
03-04-2024,03-04-2024,5529,35529,"AS PRIME","WALLET PHONEPAY",2647.00,7145.00,-4498.00,-4498.00,,"Not Matched",Pending
03-04-2024,03-04-2024,5563,15563,"LOUIS PHILIPPE","WALLET PHONEPAY",.00,1978.80,-1978.80,-1978.80,,"Not Matched",Pending
03-04-2024,03-04-2024,5896,65896,"PE BLUE","WALLET PHONEPAY",19837.00,27233.00,-7396.00,-7396.00,,"Not Matched",Pending
03-04-2024,03-04-2024,6229,66229,"PE RED","WALLET PHONEPAY",2248.00,4247.00,-1999.00,-1999.00,,"Not Matched",Pending
03-04-2024,03-04-2024,6384,66384,"PE RED","WALLET PHONEPAY",1399.00,1798.00,-399.00,-399.00,,"Not Matched",Pending
03-04-2024,03-04-2024,6571,66571,"PE RED","WALLET PHONEPAY",.00,2299.00,-2299.00,-2299.00,,"Not Matched",Pending
03-04-2024,03-04-2024,6664,36664,"AS PRIME","WALLET PHONEPAY",19930.30,21409.50,-1479.20,-1479.20,,"Not Matched",Pending
03-04-2024,03-04-2024,7250,17250,"LOUIS PHILIPPE","WALLET PHONEPAY",8249.25,11248.25,-2999.00,-2999.00,,"Not Matched",Pending
03-04-2024,03-04-2024,7574,67574,"PE BLUE","WALLET PHONEPAY",8246.00,14793.00,-6547.00,-6547.00,,"Not Matched",Pending
03-04-2024,03-04-2024,7858,37858,"AS PRIME","WALLET PHONEPAY",10643.00,13641.00,-2998.00,-2998.00,,"Not Matched",Pending
03-04-2024,03-04-2024,8446,78446,"FOREVER 21","WALLET PHONEPAY",.00,15780.00,-15780.00,-15780.00,,"Not Matched",Pending
03-04-2024,03-04-2024,9421,59421,"AMERICAN EAGLE","WALLET PHONEPAY",.00,29137.90,-29137.90,-29137.90,,"Not Matched",Pending
03-04-2024,03-04-2024,9701,59701,"AMERICAN EAGLE","WALLET PHONEPAY",.00,18392.75,-18392.75,-18392.75,,"Not Matched",Pending
03-04-2024,03-04-2024,9704,59704,"AMERICAN EAGLE","WALLET PHONEPAY",.00,1697.85,-1697.85,-1697.85,,"Not Matched",Pending
03-04-2024,03-04-2024,9712,59712,"AMERICAN EAGLE","WALLET PHONEPAY",.00,26294.00,-26294.00,-26294.00,,"Not Matched",Pending
03-04-2024,03-04-2024,9978,19978,"LOUIS PHILIPPE","WALLET PHONEPAY",6597.00,12895.00,-6298.00,-6298.00,,"Not Matched",Pending
03-04-2024,03-04-2024,9990,19990,"LOUIS PHILIPPE","WALLET PHONEPAY",.00,3148.00,-3148.00,-3148.00,,"Not Matched",Pending
04-04-2024,04-04-2024,3788,13788,"LOUIS PHILIPPE","WALLET PHONEPAY",8697.00,3350.00,5347.00,5347.00,,"Not Matched",Pending
04-04-2024,04-04-2024,3816,63816,"PE BLUE","WALLET PHONEPAY",.00,1999.00,-1999.00,-1999.00,,"Not Matched",Pending
04-04-2024,04-04-2024,3910,63910,"PE RED","WALLET PHONEPAY",.00,2558.40,-2558.40,-2558.40,,"Not Matched",Pending
04-04-2024,04-04-2024,3935,63935,"PE BLUE","WALLET PHONEPAY",1397.00,1996.00,-599.00,-599.00,,"Not Matched",Pending
04-04-2024,04-04-2024,5476,65476,"PE RED","WALLET PHONEPAY",9893.00,10892.00,-999.00,-999.00,,"Not Matched",Pending
04-04-2024,04-04-2024,5514,15514,"LOUIS PHILIPPE","WALLET PHONEPAY",.00,-419.00,419.00,419.00,,"Not Matched",Pending
04-04-2024,04-04-2024,6096,66096,"PE RED","WALLET PHONEPAY",1299.00,1798.00,-499.00,-499.00,,"Not Matched",Pending
04-04-2024,04-04-2024,6386,66386,"PE BLUE","WALLET PAYTM",29205.00,31604.00,-2399.00,-2399.00,,"Not Matched",Pending
04-04-2024,04-04-2024,6791,86791,"VAN HEUSEN VALUE STORE","WALLET PHONEPAY",8645.60,10484.80,-1839.20,-1839.20,,"Not Matched",Pending
04-04-2024,04-04-2024,6829,36829,"AS PRIME","WALLET PHONEPAY",46804.60,49481.20,-2676.60,-2676.60,,"Not Matched",Pending
04-04-2024,04-04-2024,7524,37524,"AS PRIME","WALLET PHONEPAY",20589.00,21288.00,-699.00,-699.00,,"Not Matched",Pending
04-04-2024,04-04-2024,8291,28291,"VH GOLD","WALLET PHONEPAY",.00,2298.30,-2298.30,-2298.30,,"Not Matched",Pending
04-04-2024,04-04-2024,8446,78446,"FOREVER 21","WALLET PHONEPAY",.00,18671.00,-18671.00,-18671.00,,"Not Matched",Pending
04-04-2024,04-04-2024,9421,59421,"AMERICAN EAGLE","WALLET PHONEPAY",.00,29890.00,-29890.00,-29890.00,,"Not Matched",Pending
04-04-2024,04-04-2024,9605,29605,"VAN HEUSEN","WALLET PHONEPAY",1899.00,9396.00,-7497.00,-7497.00,,"Not Matched",Pending
04-04-2024,04-04-2024,9615,29615,"VAN HEUSEN","WALLET PHONEPAY",2499.00,5498.00,-2999.00,-2999.00,,"Not Matched",Pending
04-04-2024,04-04-2024,9701,59701,"AMERICAN EAGLE","WALLET PHONEPAY",.00,15994.00,-15994.00,-15994.00,,"Not Matched",Pending
04-04-2024,04-04-2024,9704,59704,"AMERICAN EAGLE","WALLET PHONEPAY",.00,18995.00,-18995.00,-18995.00,,"Not Matched",Pending
04-04-2024,04-04-2024,9712,59712,"AMERICAN EAGLE","WALLET PHONEPAY",.00,13196.00,-13196.00,-13196.00,,"Not Matched",Pending
04-04-2024,04-04-2024,9754,39754,"ALLEN SOLLY","WALLET PHONEPAY",6567.60,3568.60,2999.00,2999.00,,"Not Matched",Pending
04-04-2024,04-04-2024,9839,19839,"LOUIS PHILIPPE","WALLET PHONEPAY",25698.30,30997.80,-5299.50,-5299.50,,"Not Matched",Pending
05-04-2024,05-04-2024,1340,61340,"PE BLUE","WALLET PHONEPAY",.00,4498.00,-4498.00,-4498.00,,"Not Matched",Pending
05-04-2024,05-04-2024,3678,63678,"PE RED","WALLET PHONEPAY",23055.00,24254.00,-1199.00,-1199.00,,"Not Matched",Pending
05-04-2024,05-04-2024,3849,63849,"PE BLUE","WALLET PHONEPAY",.00,-6946.00,6946.00,6946.00,,"Not Matched",Pending
05-04-2024,05-04-2024,3852,63852,"PE RED","WALLET PHONEPAY",.00,1799.00,-1799.00,-1799.00,,"Not Matched",Pending
05-04-2024,05-04-2024,5539,35539,"AS PRIME","WALLET PHONEPAY",.00,5766.10,-5766.10,-5766.10,,"Not Matched",Pending
05-04-2024,05-04-2024,5894,65894,"PE RED","WALLET PHONEPAY",1197.00,5694.00,-4497.00,-4497.00,,"Not Matched",Pending
05-04-2024,05-04-2024,6074,66074,"PE RED","WALLET PHONEPAY",3698.00,5594.00,-1896.00,-1896.00,,"Not Matched",Pending
05-04-2024,05-04-2024,6096,66096,"PE RED","WALLET PHONEPAY",999.00,1199.00,-200.00,-200.00,,"Not Matched",Pending
05-04-2024,05-04-2024,6624,66624,"PE BLUE","WALLET PHONEPAY",1958.60,3917.20,-1958.60,-1958.60,,"Not Matched",Pending
05-04-2024,05-04-2024,6736,36736,"AS PRIME","WALLET PHONEPAY",16459.60,17559.60,-1100.00,-1100.00,,"Not Matched",Pending
05-04-2024,05-04-2024,6743,66743,"PE RED","WALLET PHONEPAY",4794.00,4993.00,-199.00,-199.00,,"Not Matched",Pending
05-04-2024,05-04-2024,6832,36832,"AS PRIME","WALLET PHONEPAY",.00,-1749.00,1749.00,1749.00,,"Not Matched",Pending
05-04-2024,05-04-2024,7041,67041,"PE RED","WALLET PHONEPAY",8087.00,9485.00,-1398.00,-1398.00,,"Not Matched",Pending
05-04-2024,05-04-2024,7618,37618,"AS PRIME","WALLET PHONEPAY",9555.00,14949.00,-5394.00,-5394.00,,"Not Matched",Pending
05-04-2024,05-04-2024,7853,37853,"AS PRIME","WALLET PHONEPAY",1369.30,3168.10,-1798.80,-1798.80,,"Not Matched",Pending
05-04-2024,05-04-2024,8446,78446,"FOREVER 21","WALLET PHONEPAY",.00,16728.00,-16728.00,-16728.00,,"Not Matched",Pending
05-04-2024,05-04-2024,9421,59421,"AMERICAN EAGLE","WALLET PHONEPAY",.00,30489.25,-30489.25,-30489.25,,"Not Matched",Pending
05-04-2024,05-04-2024,9431,19431,"LOUIS PHILIPPE","WALLET PHONEPAY",.00,1799.00,-1799.00,-1799.00,,"Not Matched",Pending
05-04-2024,05-04-2024,9480,19480,"LOUIS PHILIPPE","WALLET PHONEPAY",26188.80,33285.80,-7097.00,-7097.00,,"Not Matched",Pending
05-04-2024,05-04-2024,9605,29605,"VAN HEUSEN","WALLET PHONEPAY",.00,-7497.00,7497.00,7497.00,,"Not Matched",Pending
05-04-2024,05-04-2024,9701,59701,"AMERICAN EAGLE","WALLET PHONEPAY",.00,26716.75,-26716.75,-26716.75,,"Not Matched",Pending
05-04-2024,05-04-2024,9704,59704,"AMERICAN EAGLE","WALLET PHONEPAY",.00,6223.25,-6223.25,-6223.25,,"Not Matched",Pending
05-04-2024,05-04-2024,9712,59712,"AMERICAN EAGLE","WALLET PHONEPAY",.00,19319.25,-19319.25,-19319.25,,"Not Matched",Pending
06-04-2024,06-04-2024,1287,11287,"LOUIS PHILIPPE","WALLET PHONEPAY",.00,2287.50,-2287.50,-2287.50,,"Not Matched",Pending
06-04-2024,06-04-2024,3673,63673,"PE RED","WALLET PHONEPAY",13487.07,15535.57,-2048.50,-2048.50,,"Not Matched",Pending
06-04-2024,06-04-2024,3678,63678,"PE RED","WALLET PHONEPAY",7489.00,9485.00,-1996.00,-1996.00,,"Not Matched",Pending
06-04-2024,06-04-2024,3721,13721,"LOUIS PHILIPPE","WALLET PHONEPAY",56060.50,63857.50,-7797.00,-7797.00,,"Not Matched",Pending
06-04-2024,06-04-2024,3888,63888,"PE BLUE","WALLET PHONEPAY",899.00,11397.30,-10498.30,-10498.30,,"Not Matched",Pending
06-04-2024,06-04-2024,3905,63905,"PE RED","WALLET PHONEPAY",1998.04,3397.10,-1399.06,-1399.06,,"Not Matched",Pending
06-04-2024,06-04-2024,3917,63917,"PE RED","WALLET PHONEPAY",1890.00,2587.00,-697.00,-697.00,,"Not Matched",Pending
06-04-2024,06-04-2024,3961,63961,"PE RED","WALLET PHONEPAY",29707.00,30706.00,-999.00,-999.00,,"Not Matched",Pending
06-04-2024,06-04-2024,3986,63986,"PE RED","WALLET PHONEPAY",5196.09,5546.09,-350.00,-350.00,,"Not Matched",Pending
06-04-2024,06-04-2024,4533,34533,"ALLEN SOLLY","WALLET PHONEPAY",5597.00,7596.00,-1999.00,-1999.00,,"Not Matched",Pending
06-04-2024,06-04-2024,4831,34831,"AS PRIME","WALLET PHONEPAY",31978.39,36275.39,-4297.00,-4297.00,,"Not Matched",Pending
06-04-2024,06-04-2024,5476,65476,"PE RED","WALLET PHONEPAY",499.00,998.00,-499.00,-499.00,,"Not Matched",Pending
06-04-2024,06-04-2024,5893,15893,"LP ALL STAR","WALLET PHONEPAY",80902.60,94294.60,-13392.00,-13392.00,,"Not Matched",Pending
06-04-2024,06-04-2024,5894,65894,"PE RED","WALLET PHONEPAY",51390.79,52188.79,-798.00,-798.00,,"Not Matched",Pending
06-04-2024,06-04-2024,6056,66056,"PE RED","WALLET PHONEPAY",13689.50,15288.50,-1599.00,-1599.00,,"Not Matched",Pending
06-04-2024,06-04-2024,6094,66094,"PE RED","WALLET PHONEPAY",4397.00,5296.00,-899.00,-899.00,,"Not Matched",Pending
06-04-2024,06-04-2024,6282,66282,"PE RED","WALLET PHONEPAY",8806.60,11503.60,-2697.00,-2697.00,,"Not Matched",Pending
06-04-2024,06-04-2024,6334,66334,"PE RED","WALLET PHONEPAY",.00,499.00,-499.00,-499.00,,"Not Matched",Pending
06-04-2024,06-04-2024,6348,66348,"PE RED","WALLET PHONEPAY",11086.00,11585.00,-499.00,-499.00,,"Not Matched",Pending
06-04-2024,06-04-2024,6563,66563,"PE RED","WALLET PHONEPAY",.00,699.00,-699.00,-699.00,,"Not Matched",Pending
06-04-2024,06-04-2024,6736,36736,"AS PRIME","WALLET PHONEPAY",15542.00,17341.00,-1799.00,-1799.00,,"Not Matched",Pending
06-04-2024,06-04-2024,7043,17043,"LOUIS PHILIPPE","WALLET PHONEPAY",.00,3299.00,-3299.00,-3299.00,,"Not Matched",Pending
06-04-2024,06-04-2024,7074,27074,"VH GOLD","WALLET PHONEPAY",11870.80,14209.60,-2338.80,-2338.80,,"Not Matched",Pending
06-04-2024,06-04-2024,7265,67265,"PE BLUE","WALLET PHONEPAY",10795.00,13094.00,-2299.00,-2299.00,,"Not Matched",Pending
06-04-2024,06-04-2024,7266,67266,"PE BLUE","WALLET PHONEPAY",11189.00,14987.00,-3798.00,-3798.00,,"Not Matched",Pending
06-04-2024,06-04-2024,7622,37622,"AS PRIME","WALLET PHONEPAY",37005.70,42302.70,-5297.00,-5297.00,,"Not Matched",Pending
06-04-2024,06-04-2024,7814,77814,REEBOK,"WALLET PHONEPAY",.00,3999.00,-3999.00,-3999.00,,"Not Matched",Pending
06-04-2024,06-04-2024,8446,78446,"FOREVER 21","WALLET PHONEPAY",.00,21721.00,-21721.00,-21721.00,,"Not Matched",Pending
06-04-2024,06-04-2024,9421,59421,"AMERICAN EAGLE","WALLET PHONEPAY",.00,93194.00,-93194.00,-93194.00,,"Not Matched",Pending
06-04-2024,06-04-2024,9596,29596,"VAN HEUSEN","WALLET PHONEPAY",.00,2299.00,-2299.00,-2299.00,,"Not Matched",Pending
06-04-2024,06-04-2024,9701,59701,"AMERICAN EAGLE","WALLET PHONEPAY",.00,28444.85,-28444.85,-28444.85,,"Not Matched",Pending
06-04-2024,06-04-2024,9704,59704,"AMERICAN EAGLE","WALLET PHONEPAY",.00,35085.25,-35085.25,-35085.25,,"Not Matched",Pending
06-04-2024,06-04-2024,9708,59708,"AMERICAN EAGLE","WALLET PHONEPAY",.00,3448.50,-3448.50,-3448.50,,"Not Matched",Pending
06-04-2024,06-04-2024,9712,59712,"AMERICAN EAGLE","WALLET PHONEPAY",.00,9648.00,-9648.00,-9648.00,,"Not Matched",Pending
06-04-2024,06-04-2024,9717,59717,"AMERICAN EAGLE","WALLET PHONEPAY",.00,7998.40,-7998.40,-7998.40,,"Not Matched",Pending
06-04-2024,06-04-2024,9872,69872,"PE BLUE","WALLET PHONEPAY",13643.60,13802.00,-158.40,-158.40,,"Not Matched",Pending
06-04-2024,06-04-2024,9946,19946,"LOUIS PHILIPPE","WALLET PHONEPAY",6697.00,11995.00,-5298.00,-5298.00,,"Not Matched",Pending
07-04-2024,07-04-2024,3268,13268,"LOUIS PHILIPPE","WALLET PHONEPAY",8197.00,14295.00,-6098.00,-6098.00,,"Not Matched",Pending
07-04-2024,07-04-2024,3427,43427,"PLANET FASHION","WALLET PHONEPAY",62569.60,68366.60,-5797.00,-5797.00,,"Not Matched",Pending
07-04-2024,07-04-2024,3825,63825,"PE RED","WALLET PHONEPAY",.00,1698.00,-1698.00,-1698.00,,"Not Matched",Pending
07-04-2024,07-04-2024,3876,63876,"PE RED","WALLET PHONEPAY",30610.50,33807.50,-3197.00,-3197.00,,"Not Matched",Pending
07-04-2024,07-04-2024,4823,34823,"AS PRIME","WALLET PHONEPAY",.00,1189.30,-1189.30,-1189.30,,"Not Matched",Pending
07-04-2024,07-04-2024,4884,34884,"AS PRIME","WALLET PHONEPAY",85964.80,90761.80,-4797.00,-4797.00,,"Not Matched",Pending
07-04-2024,07-04-2024,5362,15362,"LOUIS PHILIPPE","WALLET PHONEPAY",.00,15339.00,-15339.00,-15339.00,,"Not Matched",Pending
07-04-2024,07-04-2024,5585,65585,"PE RED","WALLET PHONEPAY",13388.00,16686.00,-3298.00,-3298.00,,"Not Matched",Pending
07-04-2024,07-04-2024,5791,15791,"LOUIS PHILIPPE","WALLET PHONEPAY",42074.00,48074.00,-6000.00,-6000.00,,"Not Matched",Pending
07-04-2024,07-04-2024,6011,66011,"PE BLUE","WALLET PHONEPAY",2703.15,7975.15,-5272.00,-5272.00,,"Not Matched",Pending
07-04-2024,07-04-2024,6056,66056,"PE RED","WALLET PHONEPAY",20705.33,22004.39,-1299.06,-1299.06,,"Not Matched",Pending
07-04-2024,07-04-2024,6400,66400,"PE BLUE","WALLET PHONEPAY",8206.00,10502.30,-2296.30,-2296.30,,"Not Matched",Pending
07-04-2024,07-04-2024,6662,66662,"PE RED","WALLET PHONEPAY",17784.64,18984.64,-1200.00,-1200.00,,"Not Matched",Pending
07-04-2024,07-04-2024,6691,36691,"AS PRIME","WALLET PHONEPAY",9793.00,14090.00,-4297.00,-4297.00,,"Not Matched",Pending
07-04-2024,07-04-2024,7006,37006,"ALLEN SOLLY","WALLET PHONEPAY",7047.80,8772.05,-1724.25,-1724.25,,"Not Matched",Pending
07-04-2024,07-04-2024,7542,67542,"PE BLUE","WALLET PHONEPAY",26043.00,29610.90,-3567.90,-3567.90,,"Not Matched",Pending
07-04-2024,07-04-2024,8147,28147,"VAN HEUSEN","WALLET PHONEPAY",6747.30,8846.60,-2099.30,-2099.30,,"Not Matched",Pending
07-04-2024,07-04-2024,8148,28148,"VAN HEUSEN","WALLET PHONEPAY",9483.00,12482.00,-2999.00,-2999.00,,"Not Matched",Pending
07-04-2024,07-04-2024,8446,78446,"FOREVER 21","WALLET PHONEPAY",.00,7988.00,-7988.00,-7988.00,,"Not Matched",Pending
07-04-2024,07-04-2024,9087,29087,"VAN HEUSEN","WALLET PHONEPAY",21496.00,25994.00,-4498.00,-4498.00,,"Not Matched",Pending
07-04-2024,07-04-2024,9421,59421,"AMERICAN EAGLE","WALLET PHONEPAY",.00,60104.25,-60104.25,-60104.25,,"Not Matched",Pending
07-04-2024,07-04-2024,9437,19437,"LOUIS PHILIPPE","WALLET PHONEPAY",14343.00,20440.00,-6097.00,-6097.00,,"Not Matched",Pending
07-04-2024,07-04-2024,9596,29596,"VAN HEUSEN","WALLET PHONEPAY",28791.00,30290.00,-1499.00,-1499.00,,"Not Matched",Pending
07-04-2024,07-04-2024,9606,19606,"LOUIS PHILIPPE","WALLET PHONEPAY",24296.50,30114.80,-5818.30,-5818.30,,"Not Matched",Pending
07-04-2024,07-04-2024,9701,59701,"AMERICAN EAGLE","WALLET PHONEPAY",.00,32888.00,-32888.00,-32888.00,,"Not Matched",Pending
07-04-2024,07-04-2024,9704,59704,"AMERICAN EAGLE","WALLET PHONEPAY",.00,27818.07,-27818.07,-27818.07,,"Not Matched",Pending
07-04-2024,07-04-2024,9712,59712,"AMERICAN EAGLE","WALLET PHONEPAY",.00,18491.00,-18491.00,-18491.00,,"Not Matched",Pending
07-04-2024,07-04-2024,9717,59717,"AMERICAN EAGLE","WALLET PHONEPAY",.00,9677.40,-9677.40,-9677.40,,"Not Matched",Pending
07-04-2024,07-04-2024,9725,19725,"LOUIS PHILIPPE","WALLET PHONEPAY",12715.00,15114.00,-2399.00,-2399.00,,"Not Matched",Pending
07-04-2024,07-04-2024,9802,19802,"LOUIS PHILIPPE","WALLET PHONEPAY",32668.80,38765.80,-6097.00,-6097.00,,"Not Matched",Pending
07-04-2024,07-04-2024,9823,69823,"PE BLUE","WALLET PHONEPAY",14693.00,15592.00,-899.00,-899.00,,"Not Matched",Pending
08-04-2024,08-04-2024,3660,63660,"PE RED","WALLET PHONEPAY",7294.00,8193.00,-899.00,-899.00,,"Not Matched",Pending
08-04-2024,08-04-2024,3736,13736,"LOUIS PHILIPPE","WALLET PHONEPAY",.00,1798.00,-1798.00,-1798.00,,"Not Matched",Pending
08-04-2024,08-04-2024,4811,34811,"AS PRIME","WALLET PHONEPAY",.00,6146.00,-6146.00,-6146.00,,"Not Matched",Pending
08-04-2024,08-04-2024,4893,34893,"AS PRIME","WALLET PHONEPAY",5776.40,7275.40,-1499.00,-1499.00,,"Not Matched",Pending
08-04-2024,08-04-2024,5843,65843,"PE RED","WALLET PHONEPAY",19583.00,22481.00,-2898.00,-2898.00,,"Not Matched",Pending
08-04-2024,08-04-2024,5894,65894,"PE RED","WALLET PHONEPAY",90573.00,91472.00,-899.00,-899.00,,"Not Matched",Pending
08-04-2024,08-04-2024,6092,66092,"PE RED","WALLET PHONEPAY",8942.50,9941.50,-999.00,-999.00,,"Not Matched",Pending
08-04-2024,08-04-2024,6243,66243,"PE RED","WALLET PHONEPAY",999.00,4097.00,-3098.00,-3098.00,,"Not Matched",Pending
08-04-2024,08-04-2024,6662,66662,"PE RED","WALLET PHONEPAY",6583.91,7781.91,-1198.00,-1198.00,,"Not Matched",Pending
08-04-2024,08-04-2024,6949,36949,"ALLEN SOLLY","WALLET PHONEPAY",.00,-4678.20,4678.20,4678.20,,"Not Matched",Pending
08-04-2024,08-04-2024,7615,17615,"LP ALL STAR","WALLET PHONEPAY",9443.25,12541.25,-3098.00,-3098.00,,"Not Matched",Pending
08-04-2024,08-04-2024,7802,67802,"PE BLUE","WALLET PHONEPAY",.00,5894.00,-5894.00,-5894.00,,"Not Matched",Pending
08-04-2024,08-04-2024,7961,67961,"PE BLUE","WALLET PHONEPAY",.00,4347.00,-4347.00,-4347.00,,"Not Matched",Pending
08-04-2024,08-04-2024,8446,78446,"FOREVER 21","WALLET PHONEPAY",.00,9888.00,-9888.00,-9888.00,,"Not Matched",Pending
08-04-2024,08-04-2024,9421,59421,"AMERICAN EAGLE","WALLET PHONEPAY",.00,68874.50,-68874.50,-68874.50,,"Not Matched",Pending
08-04-2024,08-04-2024,9499,59499,"AMERICAN EAGLE","WALLET PHONEPAY",.00,1399.00,-1399.00,-1399.00,,"Not Matched",Pending
08-04-2024,08-04-2024,9701,59701,"AMERICAN EAGLE","WALLET PHONEPAY",.00,3597.75,-3597.75,-3597.75,,"Not Matched",Pending
08-04-2024,08-04-2024,9704,59704,"AMERICAN EAGLE","WALLET PHONEPAY",.00,8146.75,-8146.75,-8146.75,,"Not Matched",Pending
08-04-2024,08-04-2024,9708,59708,"AMERICAN EAGLE","WALLET PHONEPAY",.00,13397.00,-13397.00,-13397.00,,"Not Matched",Pending
08-04-2024,08-04-2024,9712,59712,"AMERICAN EAGLE","WALLET PHONEPAY",.00,10546.25,-10546.25,-10546.25,,"Not Matched",Pending
08-04-2024,08-04-2024,9717,59717,"AMERICAN EAGLE","WALLET PHONEPAY",.00,2274.00,-2274.00,-2274.00,,"Not Matched",Pending
09-04-2024,09-04-2024,1001,41001,"PLANET FASHION","WALLET PHONEPAY",.00,400.00,-400.00,-400.00,,"Not Matched",Pending
09-04-2024,09-04-2024,1176,41176,"PLANET FASHION","WALLET PHONEPAY",25572.15,28421.15,-2849.00,-2849.00,,"Not Matched",Pending
09-04-2024,09-04-2024,1241,31241,"ALLEN SOLLY","WALLET PHONEPAY",.00,5700.00,-5700.00,-5700.00,,"Not Matched",Pending
09-04-2024,09-04-2024,3961,63961,"PE RED","WALLET PHONEPAY",30926.50,31825.50,-899.00,-899.00,,"Not Matched",Pending
09-04-2024,09-04-2024,5527,15527,"LOUIS PHILIPPE","WALLET PHONEPAY",85174.00,96320.30,-11146.30,-11146.30,,"Not Matched",Pending
09-04-2024,09-04-2024,6011,66011,"PE BLUE","WALLET PHONEPAY",16594.00,11322.00,5272.00,5272.00,,"Not Matched",Pending
09-04-2024,09-04-2024,6091,66091,"PE RED","WALLET PHONEPAY",.00,200.00,-200.00,-200.00,,"Not Matched",Pending
09-04-2024,09-04-2024,6225,66225,"PE RED","WALLET PHONEPAY",.00,108.00,-108.00,-108.00,,"Not Matched",Pending
09-04-2024,09-04-2024,6348,66348,"PE RED","WALLET PHONEPAY",12691.30,16888.30,-4197.00,-4197.00,,"Not Matched",Pending
09-04-2024,09-04-2024,6664,36664,"AS PRIME","WALLET PHONEPAY",25918.80,26056.40,-137.60,-137.60,,"Not Matched",Pending
09-04-2024,09-04-2024,7043,17043,"LOUIS PHILIPPE","WALLET PHONEPAY",3658.80,10196.40,-6537.60,-6537.60,,"Not Matched",Pending
09-04-2024,09-04-2024,7763,67763,"PE RED","WALLET PHONEPAY",34688.60,37986.60,-3298.00,-3298.00,,"Not Matched",Pending
09-04-2024,09-04-2024,7852,67852,"PE RED","WALLET PHONEPAY",32849.36,33748.36,-899.00,-899.00,,"Not Matched",Pending
09-04-2024,09-04-2024,7855,37855,"AS PRIME","WALLET PHONEPAY",7195.00,8194.00,-999.00,-999.00,,"Not Matched",Pending
09-04-2024,09-04-2024,8148,28148,"VAN HEUSEN","WALLET PHONEPAY",6499.00,3500.00,2999.00,2999.00,,"Not Matched",Pending
09-04-2024,09-04-2024,8446,78446,"FOREVER 21","WALLET PHONEPAY",.00,23669.00,-23669.00,-23669.00,,"Not Matched",Pending
09-04-2024,09-04-2024,9421,59421,"AMERICAN EAGLE","WALLET PHONEPAY",.00,62321.00,-62321.00,-62321.00,,"Not Matched",Pending
09-04-2024,09-04-2024,9585,49585,"PLANET FASHION","WALLET PHONEPAY",57591.53,62869.13,-5277.60,-5277.60,,"Not Matched",Pending
09-04-2024,09-04-2024,9701,59701,"AMERICAN EAGLE","WALLET PHONEPAY",.00,4999.00,-4999.00,-4999.00,,"Not Matched",Pending
09-04-2024,09-04-2024,9712,59712,"AMERICAN EAGLE","WALLET PHONEPAY",.00,11147.50,-11147.50,-11147.50,,"Not Matched",Pending
10-04-2024,10-04-2024,1001,41001,"PLANET FASHION","WALLET PHONEPAY",.00,-400.00,400.00,400.00,,"Not Matched",Pending
10-04-2024,10-04-2024,2662,62662,"PE BLUE","WALLET PHONEPAY",4836.19,7335.19,-2499.00,-2499.00,,"Not Matched",Pending
10-04-2024,10-04-2024,3660,63660,"PE RED","WALLET PHONEPAY",.00,898.00,-898.00,-898.00,,"Not Matched",Pending
10-04-2024,10-04-2024,3985,63985,"PE RED","WALLET PHONEPAY",31279.06,36176.06,-4897.00,-4897.00,,"Not Matched",Pending
10-04-2024,10-04-2024,4459,84459,"ALLEN SOLLY VALUE STORE","WALLET PHONEPAY",.00,-4596.00,4596.00,4596.00,,"Not Matched",Pending
10-04-2024,10-04-2024,5340,15340,"LOUIS PHILIPPE","WALLET PHONEPAY",191.45,486.25,-294.80,-294.80,,"Not Matched",Pending
10-04-2024,10-04-2024,5527,15527,"LOUIS PHILIPPE","WALLET PHONEPAY",63589.30,70843.30,-7254.00,-7254.00,,"Not Matched",Pending
10-04-2024,10-04-2024,5870,35870,"AS PRIME","WALLET PHONEPAY",31410.70,35745.70,-4335.00,-4335.00,,"Not Matched",Pending
10-04-2024,10-04-2024,6395,66395,"PE BLUE","WALLET PHONEPAY",7596.80,25187.80,-17591.00,-17591.00,,"Not Matched",Pending
10-04-2024,10-04-2024,6542,66542,"PE RED","WALLET PHONEPAY",10588.00,10987.00,-399.00,-399.00,,"Not Matched",Pending
10-04-2024,10-04-2024,6624,66624,"PE BLUE","WALLET PHONEPAY",2945.00,986.40,1958.60,1958.60,,"Not Matched",Pending
10-04-2024,10-04-2024,6791,86791,"VAN HEUSEN VALUE STORE","WALLET PHONEPAY",42154.20,46452.20,-4298.00,-4298.00,,"Not Matched",Pending
10-04-2024,10-04-2024,7615,17615,"LP ALL STAR","WALLET PHONEPAY",9910.10,11709.10,-1799.00,-1799.00,,"Not Matched",Pending
10-04-2024,10-04-2024,7819,17819,"LP ALL STAR","WALLET PHONEPAY",5396.00,10093.00,-4697.00,-4697.00,,"Not Matched",Pending
10-04-2024,10-04-2024,7849,17849,"LP ALL STAR","WALLET PHONEPAY",308.00,616.00,-308.00,-308.00,,"Not Matched",Pending
10-04-2024,10-04-2024,7852,67852,"PE RED","WALLET PHONEPAY",26986.50,27885.50,-899.00,-899.00,,"Not Matched",Pending
10-04-2024,10-04-2024,8110,28110,"VAN HEUSEN","WALLET PHONEPAY",669.00,2667.00,-1998.00,-1998.00,,"Not Matched",Pending
10-04-2024,10-04-2024,8446,78446,"FOREVER 21","WALLET PHONEPAY",.00,799.00,-799.00,-799.00,,"Not Matched",Pending
10-04-2024,10-04-2024,9421,59421,"AMERICAN EAGLE","WALLET PHONEPAY",.00,37787.50,-37787.50,-37787.50,,"Not Matched",Pending
10-04-2024,10-04-2024,9701,59701,"AMERICAN EAGLE","WALLET PHONEPAY",.00,9798.00,-9798.00,-9798.00,,"Not Matched",Pending
10-04-2024,10-04-2024,9702,59702,"AMERICAN EAGLE","WALLET PHONEPAY",.00,4498.50,-4498.50,-4498.50,,"Not Matched",Pending
10-04-2024,10-04-2024,9704,59704,"AMERICAN EAGLE","WALLET PHONEPAY",.00,54001.25,-54001.25,-54001.25,,"Not Matched",Pending
10-04-2024,10-04-2024,9708,59708,"AMERICAN EAGLE","WALLET PHONEPAY",.00,3523.50,-3523.50,-3523.50,,"Not Matched",Pending
10-04-2024,10-04-2024,9802,19802,"LOUIS PHILIPPE","WALLET PHONEPAY",8386.50,2289.50,6097.00,6097.00,,"Not Matched",Pending
11-04-2024,11-04-2024,2977,32977,"ALLEN SOLLY","WALLET PHONEPAY",23660.90,25559.90,-1899.00,-1899.00,,"Not Matched",Pending
11-04-2024,11-04-2024,3698,63698,"PE RED","WALLET PHONEPAY",1399.00,1898.00,-499.00,-499.00,,"Not Matched",Pending
11-04-2024,11-04-2024,3885,63885,"PE RED","WALLET PHONEPAY",6850.00,11747.00,-4897.00,-4897.00,,"Not Matched",Pending
11-04-2024,11-04-2024,3938,63938,"PE BLUE","WALLET PHONEPAY",26480.29,28719.48,-2239.19,-2239.19,,"Not Matched",Pending
11-04-2024,11-04-2024,4587,34587,"ALLEN SOLLY","WALLET PHONEPAY",.00,1701.00,-1701.00,-1701.00,,"Not Matched",Pending
11-04-2024,11-04-2024,4864,34864,"AS PRIME","WALLET PHONEPAY",3057.29,5055.29,-1998.00,-1998.00,,"Not Matched",Pending
11-04-2024,11-04-2024,4876,34876,"AS PRIME","WALLET PHONEPAY",14641.30,16140.30,-1499.00,-1499.00,,"Not Matched",Pending
11-04-2024,11-04-2024,6346,66346,"PE RED","WALLET PHONEPAY",4397.00,6696.00,-2299.00,-2299.00,,"Not Matched",Pending
11-04-2024,11-04-2024,6348,66348,"PE RED","WALLET PHONEPAY",11770.00,12269.00,-499.00,-499.00,,"Not Matched",Pending
11-04-2024,11-04-2024,6376,66376,"PE RED","WALLET PHONEPAY",8104.00,10612.00,-2508.00,-2508.00,,"Not Matched",Pending
11-04-2024,11-04-2024,6829,36829,"AS PRIME","WALLET PHONEPAY",11431.30,12131.30,-700.00,-700.00,,"Not Matched",Pending
11-04-2024,11-04-2024,7010,27010,"VAN HEUSEN","WALLET PHONEPAY",7343.00,12538.00,-5195.00,-5195.00,,"Not Matched",Pending
11-04-2024,11-04-2024,7265,67265,"PE BLUE","WALLET PHONEPAY",35649.05,37927.24,-2278.19,-2278.19,,"Not Matched",Pending
11-04-2024,11-04-2024,7711,67711,"PE BLUE","WALLET PHONEPAY",30183.50,33377.50,-3194.00,-3194.00,,"Not Matched",Pending
11-04-2024,11-04-2024,7822,37822,"AS PRIME","WALLET PHONEPAY",17189.00,18238.30,-1049.30,-1049.30,,"Not Matched",Pending
11-04-2024,11-04-2024,7829,67829,"PE RED","WALLET PHONEPAY",24667.90,26366.90,-1699.00,-1699.00,,"Not Matched",Pending
11-04-2024,11-04-2024,8446,78446,"FOREVER 21","WALLET PHONEPAY",.00,2897.00,-2897.00,-2897.00,,"Not Matched",Pending
11-04-2024,11-04-2024,9421,59421,"AMERICAN EAGLE","WALLET PHONEPAY",.00,26590.75,-26590.75,-26590.75,,"Not Matched",Pending
11-04-2024,11-04-2024,9454,69454,"PE BLUE","WALLET PHONEPAY",6846.00,11963.60,-5117.60,-5117.60,,"Not Matched",Pending
11-04-2024,11-04-2024,9701,59701,"AMERICAN EAGLE","WALLET PHONEPAY",.00,32062.00,-32062.00,-32062.00,,"Not Matched",Pending
11-04-2024,11-04-2024,9704,59704,"AMERICAN EAGLE","WALLET PHONEPAY",.00,30538.00,-30538.00,-30538.00,,"Not Matched",Pending
11-04-2024,11-04-2024,9712,59712,"AMERICAN EAGLE","WALLET PHONEPAY",.00,4599.00,-4599.00,-4599.00,,"Not Matched",Pending
11-04-2024,11-04-2024,9717,59717,"AMERICAN EAGLE","WALLET PHONEPAY",.00,5514.30,-5514.30,-5514.30,,"Not Matched",Pending
11-04-2024,11-04-2024,9978,19978,"LOUIS PHILIPPE","WALLET PHONEPAY",13465.60,15354.90,-1889.30,-1889.30,,"Not Matched",Pending
12-04-2024,12-04-2024,3891,63891,"PE RED","WALLET PHONEPAY",3598.00,6896.00,-3298.00,-3298.00,,"Not Matched",Pending
12-04-2024,12-04-2024,5344,15344,"LOUIS PHILIPPE","WALLET PHONEPAY",.00,696.50,-696.50,-696.50,,"Not Matched",Pending
12-04-2024,12-04-2024,5527,15527,"LOUIS PHILIPPE","WALLET PHONEPAY",59997.00,48850.70,11146.30,11146.30,,"Not Matched",Pending
12-04-2024,12-04-2024,5539,35539,"AS PRIME","WALLET PHONEPAY",3422.30,9699.10,-6276.80,-6276.80,,"Not Matched",Pending
12-04-2024,12-04-2024,5894,65894,"PE RED","WALLET PHONEPAY",.00,1907.00,-1907.00,-1907.00,,"Not Matched",Pending
12-04-2024,12-04-2024,6056,66056,"PE RED","WALLET PHONEPAY",12818.00,14016.00,-1198.00,-1198.00,,"Not Matched",Pending
12-04-2024,12-04-2024,6096,66096,"PE RED","WALLET PHONEPAY",99.00,1098.00,-999.00,-999.00,,"Not Matched",Pending
12-04-2024,12-04-2024,6376,66376,"PE RED","WALLET PHONEPAY",2398.00,-110.00,2508.00,2508.00,,"Not Matched",Pending
12-04-2024,12-04-2024,6927,66927,"PE BLUE","WALLET PHONEPAY",.00,500.00,-500.00,-500.00,,"Not Matched",Pending
12-04-2024,12-04-2024,8446,78446,"FOREVER 21","WALLET PHONEPAY",.00,199.00,-199.00,-199.00,,"Not Matched",Pending
12-04-2024,12-04-2024,9421,59421,"AMERICAN EAGLE","WALLET PHONEPAY",.00,28088.00,-28088.00,-28088.00,,"Not Matched",Pending
12-04-2024,12-04-2024,9701,59701,"AMERICAN EAGLE","WALLET PHONEPAY",.00,22594.64,-22594.64,-22594.64,,"Not Matched",Pending
12-04-2024,12-04-2024,9704,59704,"AMERICAN EAGLE","WALLET PHONEPAY",.00,2299.00,-2299.00,-2299.00,,"Not Matched",Pending
12-04-2024,12-04-2024,9712,59712,"AMERICAN EAGLE","WALLET PHONEPAY",.00,7296.20,-7296.20,-7296.20,,"Not Matched",Pending
13-04-2024,13-04-2024,1176,41176,"PLANET FASHION","WALLET PHONEPAY",12954.60,15489.60,-2535.00,-2535.00,,"Not Matched",Pending
13-04-2024,13-04-2024,3050,13050,"LOUIS PHILIPPE","WALLET PHONEPAY",4853.00,6851.30,-1998.30,-1998.30,,"Not Matched",Pending
13-04-2024,13-04-2024,3924,63924,"PE RED","WALLET PHONEPAY",2698.07,5696.13,-2998.06,-2998.06,,"Not Matched",Pending
13-04-2024,13-04-2024,3938,63938,"PE BLUE","WALLET PHONEPAY",25697.20,29135.40,-3438.20,-3438.20,,"Not Matched",Pending
13-04-2024,13-04-2024,5486,35486,"ALLEN SOLLY","WALLET PHONEPAY",.00,2099.30,-2099.30,-2099.30,,"Not Matched",Pending
13-04-2024,13-04-2024,6359,66359,"PE RED","WALLET PHONEPAY",9902.69,10499.69,-597.00,-597.00,,"Not Matched",Pending
13-04-2024,13-04-2024,6816,66816,"PE BLUE","WALLET PHONEPAY",5445.00,8343.00,-2898.00,-2898.00,,"Not Matched",Pending
13-04-2024,13-04-2024,6975,36975,"AS PRIME","WALLET PHONEPAY",40223.80,42222.80,-1999.00,-1999.00,,"Not Matched",Pending
13-04-2024,13-04-2024,7010,27010,"VAN HEUSEN","WALLET PHONEPAY",37479.55,32284.55,5195.00,5195.00,,"Not Matched",Pending
13-04-2024,13-04-2024,7542,67542,"PE BLUE","WALLET PHONEPAY",7645.00,10093.00,-2448.00,-2448.00,,"Not Matched",Pending
13-04-2024,13-04-2024,8446,78446,"FOREVER 21","WALLET PHONEPAY",.00,73565.00,-73565.00,-73565.00,,"Not Matched",Pending
13-04-2024,13-04-2024,9421,59421,"AMERICAN EAGLE","WALLET PHONEPAY",.00,10546.50,-10546.50,-10546.50,,"Not Matched",Pending
13-04-2024,13-04-2024,9606,19606,"LOUIS PHILIPPE","WALLET PHONEPAY",6136.60,7710.90,-1574.30,-1574.30,,"Not Matched",Pending
13-04-2024,13-04-2024,9701,59701,"AMERICAN EAGLE","WALLET PHONEPAY",.00,8298.00,-8298.00,-8298.00,,"Not Matched",Pending
13-04-2024,13-04-2024,9702,59702,"AMERICAN EAGLE","WALLET PHONEPAY",.00,10696.00,-10696.00,-10696.00,,"Not Matched",Pending
13-04-2024,13-04-2024,9704,59704,"AMERICAN EAGLE","WALLET PHONEPAY",.00,44189.31,-44189.31,-44189.31,,"Not Matched",Pending
13-04-2024,13-04-2024,9712,59712,"AMERICAN EAGLE","WALLET PHONEPAY",.00,1558.20,-1558.20,-1558.20,,"Not Matched",Pending
13-04-2024,13-04-2024,9746,29746,"VAN HEUSEN","WALLET PHONEPAY",2099.30,4198.60,-2099.30,-2099.30,,"Not Matched",Pending
14-04-2024,14-04-2024,1510,61510,"PE BLUE","WALLET PHONEPAY",.00,1139.59,-1139.59,-1139.59,,"Not Matched",Pending
14-04-2024,14-04-2024,2194,42194,"PLANET FASHION","WALLET PHONEPAY",7248.00,10934.00,-3686.00,-3686.00,,"Not Matched",Pending
14-04-2024,14-04-2024,5342,15342,"LOUIS PHILIPPE","WALLET PHONEPAY",68214.00,76011.00,-7797.00,-7797.00,,"Not Matched",Pending
14-04-2024,14-04-2024,5779,35779,"AS PRIME","WALLET PHONEPAY",4436.00,5574.00,-1138.00,-1138.00,,"Not Matched",Pending
14-04-2024,14-04-2024,6076,66076,"PE RED","WALLET PHONEPAY",.00,1399.00,-1399.00,-1399.00,,"Not Matched",Pending
14-04-2024,14-04-2024,6200,66200,"PE RED","WALLET PHONEPAY",4997.04,7854.04,-2857.00,-2857.00,,"Not Matched",Pending
14-04-2024,14-04-2024,6359,66359,"PE RED","WALLET PHONEPAY",.00,2898.00,-2898.00,-2898.00,,"Not Matched",Pending
14-04-2024,14-04-2024,6393,66393,"PE BLUE","WALLET PAYTM",22747.80,25046.80,-2299.00,-2299.00,,"Not Matched",Pending
14-04-2024,14-04-2024,6872,26872,"VH GOLD","WALLET PHONEPAY",.00,3248.00,-3248.00,-3248.00,,"Not Matched",Pending
14-04-2024,14-04-2024,8446,78446,"FOREVER 21","WALLET PHONEPAY",.00,59991.00,-59991.00,-59991.00,,"Not Matched",Pending
14-04-2024,14-04-2024,9421,59421,"AMERICAN EAGLE","WALLET PHONEPAY",.00,39334.50,-39334.50,-39334.50,,"Not Matched",Pending
14-04-2024,14-04-2024,9701,59701,"AMERICAN EAGLE","WALLET PHONEPAY",.00,37488.00,-37488.00,-37488.00,,"Not Matched",Pending
14-04-2024,14-04-2024,9702,59702,"AMERICAN EAGLE","WALLET PHONEPAY",.00,3196.00,-3196.00,-3196.00,,"Not Matched",Pending
14-04-2024,14-04-2024,9704,59704,"AMERICAN EAGLE","WALLET PHONEPAY",.00,9297.00,-9297.00,-9297.00,,"Not Matched",Pending
14-04-2024,14-04-2024,9706,59706,"AMERICAN EAGLE","WALLET PHONEPAY",.00,3999.00,-3999.00,-3999.00,,"Not Matched",Pending
14-04-2024,14-04-2024,9712,59712,"AMERICAN EAGLE","WALLET PHONEPAY",.00,5097.71,-5097.71,-5097.71,,"Not Matched",Pending
14-04-2024,14-04-2024,9871,19871,"LOUIS PHILIPPE","WALLET PHONEPAY",.00,2399.00,-2399.00,-2399.00,,"Not Matched",Pending
14-04-2024,14-04-2024,9946,19946,"LOUIS PHILIPPE","WALLET PHONEPAY",2468.97,8366.97,-5898.00,-5898.00,,"Not Matched",Pending
15-04-2024,15-04-2024,3660,63660,"PE RED","WALLET PHONEPAY",.00,-898.00,898.00,898.00,,"Not Matched",Pending
15-04-2024,15-04-2024,3852,63852,"PE RED","WALLET PHONEPAY",8494.00,10492.00,-1998.00,-1998.00,,"Not Matched",Pending
15-04-2024,15-04-2024,3902,63902,"PE RED","WALLET PHONEPAY",125.00,903.30,-778.30,-778.30,,"Not Matched",Pending
15-04-2024,15-04-2024,5342,15342,"LOUIS PHILIPPE","WALLET PHONEPAY",11521.50,18019.50,-6498.00,-6498.00,,"Not Matched",Pending
15-04-2024,15-04-2024,5536,35536,"AS PRIME","WALLET PHONEPAY",.00,4298.00,-4298.00,-4298.00,,"Not Matched",Pending
15-04-2024,15-04-2024,5739,35739,"AS PRIME","WALLET PHONEPAY",10343.00,11952.30,-1609.30,-1609.30,,"Not Matched",Pending
15-04-2024,15-04-2024,5893,15893,"LP ALL STAR","WALLET PHONEPAY",.00,13492.00,-13492.00,-13492.00,,"Not Matched",Pending
15-04-2024,15-04-2024,6344,66344,"PE RED","WALLET PHONEPAY",.00,2298.00,-2298.00,-2298.00,,"Not Matched",Pending
15-04-2024,15-04-2024,8446,78446,"FOREVER 21","WALLET PHONEPAY",.00,1648.00,-1648.00,-1648.00,,"Not Matched",Pending
15-04-2024,15-04-2024,9596,29596,"VAN HEUSEN","WALLET PHONEPAY",5098.00,7897.00,-2799.00,-2799.00,,"Not Matched",Pending
15-04-2024,15-04-2024,9701,59701,"AMERICAN EAGLE","WALLET PHONEPAY",.00,20992.25,-20992.25,-20992.25,,"Not Matched",Pending
15-04-2024,15-04-2024,9872,69872,"PE BLUE","WALLET PHONEPAY",8713.40,10612.40,-1899.00,-1899.00,,"Not Matched",Pending
16-04-2024,16-04-2024,2194,42194,"PLANET FASHION","WALLET PHONEPAY",.00,-3686.00,3686.00,3686.00,,"Not Matched",Pending
16-04-2024,16-04-2024,3660,63660,"PE RED","WALLET PHONEPAY",.00,-899.00,899.00,899.00,,"Not Matched",Pending
16-04-2024,16-04-2024,3735,13735,"LOUIS PHILIPPE","WALLET PHONEPAY",2799.00,7298.00,-4499.00,-4499.00,,"Not Matched",Pending
16-04-2024,16-04-2024,3905,63905,"PE RED","WALLET PHONEPAY",2398.06,6296.06,-3898.00,-3898.00,,"Not Matched",Pending
16-04-2024,16-04-2024,3938,63938,"PE BLUE","WALLET PHONEPAY",11193.50,12992.00,-1798.50,-1798.50,,"Not Matched",Pending
16-04-2024,16-04-2024,3961,63961,"PE RED","WALLET PHONEPAY",11117.00,12116.00,-999.00,-999.00,,"Not Matched",Pending
16-04-2024,16-04-2024,4831,34831,"AS PRIME","WALLET PHONEPAY",15888.70,18586.70,-2698.00,-2698.00,,"Not Matched",Pending
16-04-2024,16-04-2024,5739,35739,"AS PRIME","WALLET PHONEPAY",30774.30,42272.30,-11498.00,-11498.00,,"Not Matched",Pending
16-04-2024,16-04-2024,6369,66369,"PE RED","WALLET PHONEPAY",26709.00,30707.40,-3998.40,-3998.40,,"Not Matched",Pending
16-04-2024,16-04-2024,6921,36921,"AS PRIME","WALLET PHONEPAY",4951.80,6750.80,-1799.00,-1799.00,,"Not Matched",Pending
16-04-2024,16-04-2024,7082,37082,"ALLEN SOLLY","WALLET PHONEPAY",20793.00,22792.00,-1999.00,-1999.00,,"Not Matched",Pending
16-04-2024,16-04-2024,7517,67517,"PE BLUE","WALLET PHONEPAY",.00,1599.00,-1599.00,-1599.00,,"Not Matched",Pending
16-04-2024,16-04-2024,7819,17819,"LP ALL STAR","WALLET PHONEPAY",.00,5797.00,-5797.00,-5797.00,,"Not Matched",Pending
16-04-2024,16-04-2024,7849,17849,"LP ALL STAR","WALLET PHONEPAY",967.00,659.00,308.00,308.00,,"Not Matched",Pending
16-04-2024,16-04-2024,8446,78446,"FOREVER 21","WALLET PHONEPAY",.00,22911.00,-22911.00,-22911.00,,"Not Matched",Pending
16-04-2024,16-04-2024,9421,59421,"AMERICAN EAGLE","WALLET PHONEPAY",.00,12435.20,-12435.20,-12435.20,,"Not Matched",Pending
16-04-2024,16-04-2024,9702,59702,"AMERICAN EAGLE","WALLET PHONEPAY",.00,7098.00,-7098.00,-7098.00,,"Not Matched",Pending
16-04-2024,16-04-2024,9704,59704,"AMERICAN EAGLE","WALLET PHONEPAY",.00,2599.00,-2599.00,-2599.00,,"Not Matched",Pending
16-04-2024,16-04-2024,9712,59712,"AMERICAN EAGLE","WALLET PHONEPAY",.00,5497.50,-5497.50,-5497.50,,"Not Matched",Pending
16-04-2024,16-04-2024,9737,19737,"LOUIS PHILIPPE","WALLET PHONEPAY",9496.00,12495.00,-2999.00,-2999.00,,"Not Matched",Pending
16-04-2024,16-04-2024,9927,19927,"LOUIS PHILIPPE","WALLET PHONEPAY",500.00,3349.00,-2849.00,-2849.00,,"Not Matched",Pending
17-04-2024,17-04-2024,1022,41022,"PLANET FASHION","WALLET PHONEPAY",.00,6297.00,-6297.00,-6297.00,,"Not Matched",Pending
17-04-2024,17-04-2024,2446,42446,"PLANET FASHION","WALLET PHONEPAY",5598.00,8297.25,-2699.25,-2699.25,,"Not Matched",Pending
17-04-2024,17-04-2024,2633,62633,"PE RED","WALLET PHONEPAY",1297.00,2296.00,-999.00,-999.00,,"Not Matched",Pending
17-04-2024,17-04-2024,3616,63616,"PE BLUE","WALLET PHONEPAY",10045.00,8446.00,1599.00,1599.00,,"Not Matched",Pending
17-04-2024,17-04-2024,3866,63866,"PE RED","WALLET PHONEPAY",5695.00,3598.00,2097.00,2097.00,,"Not Matched",Pending
17-04-2024,17-04-2024,3876,63876,"PE RED","WALLET PHONEPAY",15892.00,13893.00,1999.00,1999.00,,"Not Matched",Pending
17-04-2024,17-04-2024,3962,63962,"PE RED","WALLET PHONEPAY",5996.00,9693.00,-3697.00,-3697.00,,"Not Matched",Pending
17-04-2024,17-04-2024,4884,34884,"AS PRIME","WALLET PHONEPAY",61243.20,65841.20,-4598.00,-4598.00,,"Not Matched",Pending
17-04-2024,17-04-2024,4892,34892,"ALLEN SOLLY","WALLET PHONEPAY",3895.00,4054.00,-159.00,-159.00,,"Not Matched",Pending
17-04-2024,17-04-2024,5481,15481,"LOUIS PHILIPPE","WALLET PHONEPAY",11346.00,8297.00,3049.00,3049.00,,"Not Matched",Pending
17-04-2024,17-04-2024,5527,15527,"LOUIS PHILIPPE","WALLET PHONEPAY",91567.80,98410.80,-6843.00,-6843.00,,"Not Matched",Pending
17-04-2024,17-04-2024,5683,65683,"PE RED","WALLET PHONEPAY",11642.00,9644.00,1998.00,1998.00,,"Not Matched",Pending
17-04-2024,17-04-2024,5915,15915,"LP ALL STAR","WALLET PHONEPAY",20940.00,15243.00,5697.00,5697.00,,"Not Matched",Pending
17-04-2024,17-04-2024,6044,66044,"PE RED","WALLET PHONEPAY",16915.06,13318.06,3597.00,3597.00,,"Not Matched",Pending
17-04-2024,17-04-2024,6046,66046,"PE RED","WALLET PHONEPAY",5891.00,3293.00,2598.00,2598.00,,"Not Matched",Pending
17-04-2024,17-04-2024,6096,66096,"PE RED","WALLET PHONEPAY",4198.00,3940.24,257.76,257.76,,"Not Matched",Pending
17-04-2024,17-04-2024,6285,66285,"PE RED","WALLET PHONEPAY",14647.00,13749.00,898.00,898.00,,"Not Matched",Pending
17-04-2024,17-04-2024,6359,66359,"PE RED","WALLET PHONEPAY",1256.20,959.20,297.00,297.00,,"Not Matched",Pending
17-04-2024,17-04-2024,6571,66571,"PE RED","WALLET PHONEPAY",.00,4497.00,-4497.00,-4497.00,,"Not Matched",Pending
17-04-2024,17-04-2024,6575,66575,"PE RED","WALLET PHONEPAY",45671.07,42973.07,2698.00,2698.00,,"Not Matched",Pending
17-04-2024,17-04-2024,6726,66726,"PE RED","WALLET PHONEPAY",11792.00,8494.00,3298.00,3298.00,,"Not Matched",Pending
17-04-2024,17-04-2024,6741,66741,"PE RED","WALLET PHONEPAY",8095.00,2698.00,5397.00,5397.00,,"Not Matched",Pending
17-04-2024,17-04-2024,6742,66742,"PE RED","WALLET PHONEPAY",928.00,699.00,229.00,229.00,,"Not Matched",Pending
17-04-2024,17-04-2024,6816,66816,"PE BLUE","WALLET PHONEPAY",11951.30,10552.30,1399.00,1399.00,,"Not Matched",Pending
17-04-2024,17-04-2024,7265,67265,"PE BLUE","WALLET PHONEPAY",3098.00,1299.00,1799.00,1799.00,,"Not Matched",Pending
17-04-2024,17-04-2024,7622,37622,"AS PRIME","WALLET PHONEPAY",8883.90,13181.90,-4298.00,-4298.00,,"Not Matched",Pending
17-04-2024,17-04-2024,7989,27989,"VAN HEUSEN","WALLET PHONEPAY",15481.09,17980.09,-2499.00,-2499.00,,"Not Matched",Pending
17-04-2024,17-04-2024,8446,78446,"FOREVER 21","WALLET PHONEPAY",.00,9088.00,-9088.00,-9088.00,,"Not Matched",Pending
17-04-2024,17-04-2024,9075,19075,"LP ALL STAR","WALLET PHONEPAY",5593.00,3894.00,1699.00,1699.00,,"Not Matched",Pending
17-04-2024,17-04-2024,9421,59421,"AMERICAN EAGLE","WALLET PHONEPAY",.00,22788.00,-22788.00,-22788.00,,"Not Matched",Pending
17-04-2024,17-04-2024,9759,19759,"LOUIS PHILIPPE","WALLET PHONEPAY",17663.70,7076.00,10587.70,10587.70,,"Not Matched",Pending
18-04-2024,18-04-2024,1063,11063,"LOUIS PHILIPPE","WALLET PHONEPAY",28672.00,31441.00,-2769.00,-2769.00,,"Not Matched",Pending
18-04-2024,18-04-2024,2446,42446,"PLANET FASHION","WALLET PHONEPAY",15868.50,18117.75,-2249.25,-2249.25,,"Not Matched",Pending
18-04-2024,18-04-2024,3904,63904,"PE RED","WALLET PHONEPAY",5836.20,7734.20,-1898.00,-1898.00,,"Not Matched",Pending
18-04-2024,18-04-2024,3986,63986,"PE RED","WALLET PHONEPAY",6596.00,10094.00,-3498.00,-3498.00,,"Not Matched",Pending
18-04-2024,18-04-2024,4892,34892,"ALLEN SOLLY","WALLET PHONEPAY",4416.60,4981.60,-565.00,-565.00,,"Not Matched",Pending
18-04-2024,18-04-2024,5638,35638,"ALLEN SOLLY","WALLET PHONEPAY",.00,12749.15,-12749.15,-12749.15,,"Not Matched",Pending
18-04-2024,18-04-2024,5850,25850,"VH GOLD","WALLET PHONEPAY",.00,4398.00,-4398.00,-4398.00,,"Not Matched",Pending
18-04-2024,18-04-2024,6119,66119,"PE RED","WALLET PHONEPAY",6994.00,9691.00,-2697.00,-2697.00,,"Not Matched",Pending
18-04-2024,18-04-2024,6229,66229,"PE RED","WALLET PHONEPAY",13007.36,18203.36,-5196.00,-5196.00,,"Not Matched",Pending
18-04-2024,18-04-2024,6701,36701,"AS PRIME","WALLET PHONEPAY",18139.30,22136.30,-3997.00,-3997.00,,"Not Matched",Pending
18-04-2024,18-04-2024,6722,66722,"PE RED","WALLET PHONEPAY",6295.00,12211.80,-5916.80,-5916.80,,"Not Matched",Pending
18-04-2024,18-04-2024,6758,36758,"ALLEN SOLLY","WALLET PHONEPAY",19755.30,23054.30,-3299.00,-3299.00,,"Not Matched",Pending
18-04-2024,18-04-2024,7819,17819,"LP ALL STAR","WALLET PHONEPAY",.00,-5797.00,5797.00,5797.00,,"Not Matched",Pending
18-04-2024,18-04-2024,8148,28148,"VAN HEUSEN","WALLET PHONEPAY",.00,5146.00,-5146.00,-5146.00,,"Not Matched",Pending
18-04-2024,18-04-2024,8197,28197,"VAN HEUSEN","WALLET PHONEPAY",.00,5527.50,-5527.50,-5527.50,,"Not Matched",Pending
18-04-2024,18-04-2024,8446,78446,"FOREVER 21","WALLET PHONEPAY",.00,11731.00,-11731.00,-11731.00,,"Not Matched",Pending
18-04-2024,18-04-2024,9092,19092,"LP ALL STAR","WALLET PHONEPAY",.00,699.00,-699.00,-699.00,,"Not Matched",Pending
18-04-2024,18-04-2024,9421,59421,"AMERICAN EAGLE","WALLET PHONEPAY",.00,1999.00,-1999.00,-1999.00,,"Not Matched",Pending
18-04-2024,18-04-2024,9701,59701,"AMERICAN EAGLE","WALLET PHONEPAY",.00,1599.00,-1599.00,-1599.00,,"Not Matched",Pending
18-04-2024,18-04-2024,9704,59704,"AMERICAN EAGLE","WALLET PHONEPAY",.00,5399.00,-5399.00,-5399.00,,"Not Matched",Pending
18-04-2024,18-04-2024,9746,29746,"VAN HEUSEN","WALLET PHONEPAY",2799.00,699.70,2099.30,2099.30,,"Not Matched",Pending
18-04-2024,18-04-2024,9995,19995,"LOUIS PHILIPPE","WALLET PHONEPAY",51844.00,52192.00,-348.00,-348.00,,"Not Matched",Pending
19-04-2024,19-04-2024,1043,41043,"PLANET FASHION","WALLET PHONEPAY",.00,6493.00,-6493.00,-6493.00,,"Not Matched",Pending
19-04-2024,19-04-2024,1228,31228,"ALLEN SOLLY","WALLET PHONEPAY",1049.00,3547.00,-2498.00,-2498.00,,"Not Matched",Pending
19-04-2024,19-04-2024,1404,61404,"PE BLUE","WALLET PHONEPAY",13593.00,17191.00,-3598.00,-3598.00,,"Not Matched",Pending
19-04-2024,19-04-2024,2446,42446,"PLANET FASHION","WALLET PHONEPAY",29663.20,48974.95,-19311.75,-19311.75,,"Not Matched",Pending
19-04-2024,19-04-2024,2733,62733,"PE BLUE","WALLET PHONEPAY",.00,4498.00,-4498.00,-4498.00,,"Not Matched",Pending
19-04-2024,19-04-2024,3268,13268,"LOUIS PHILIPPE","WALLET PHONEPAY",18596.00,27094.29,-8498.29,-8498.29,,"Not Matched",Pending
19-04-2024,19-04-2024,3743,13743,"LOUIS PHILIPPE","WALLET PHONEPAY",.00,419.00,-419.00,-419.00,,"Not Matched",Pending
19-04-2024,19-04-2024,3812,63812,"PE RED","WALLET PHONEPAY",16848.00,25140.00,-8292.00,-8292.00,,"Not Matched",Pending
19-04-2024,19-04-2024,3821,63821,"PE RED","WALLET PHONEPAY",399.00,1798.00,-1399.00,-1399.00,,"Not Matched",Pending
19-04-2024,19-04-2024,3876,63876,"PE RED","WALLET PHONEPAY",9113.27,11911.27,-2798.00,-2798.00,,"Not Matched",Pending
19-04-2024,19-04-2024,3927,63927,"PE BLUE","WALLET PHONEPAY",7046.00,12093.00,-5047.00,-5047.00,,"Not Matched",Pending
19-04-2024,19-04-2024,4822,34822,"ALLEN SOLLY","WALLET PHONEPAY",.00,2462.00,-2462.00,-2462.00,,"Not Matched",Pending
19-04-2024,19-04-2024,4988,34988,"ALLEN SOLLY","WALLET PHONEPAY",.00,400.00,-400.00,-400.00,,"Not Matched",Pending
19-04-2024,19-04-2024,5527,15527,"LOUIS PHILIPPE","WALLET PHONEPAY",30814.00,44808.00,-13994.00,-13994.00,,"Not Matched",Pending
19-04-2024,19-04-2024,5683,65683,"PE RED","WALLET PHONEPAY",16596.06,14899.06,1697.00,1697.00,,"Not Matched",Pending
19-04-2024,19-04-2024,5777,25777,"VAN HEUSEN","WALLET PHONEPAY",50801.20,61996.20,-11195.00,-11195.00,,"Not Matched",Pending
19-04-2024,19-04-2024,5894,65894,"PE RED","WALLET PHONEPAY",5295.00,6794.00,-1499.00,-1499.00,,"Not Matched",Pending
19-04-2024,19-04-2024,6056,66056,"PE RED","WALLET PHONEPAY",13989.03,16987.03,-2998.00,-2998.00,,"Not Matched",Pending
19-04-2024,19-04-2024,6189,66189,"PE RED","WALLET PHONEPAY",1599.00,1799.00,-200.00,-200.00,,"Not Matched",Pending
19-04-2024,19-04-2024,6596,36596,"AS PRIME","WALLET PHONEPAY",12133.00,14831.00,-2698.00,-2698.00,,"Not Matched",Pending
19-04-2024,19-04-2024,6721,36721,"AS PRIME","WALLET PHONEPAY",8640.30,8799.30,-159.00,-159.00,,"Not Matched",Pending
19-04-2024,19-04-2024,6757,86757,"LOUIS PHILIPPE VALUE STORE","WALLET PHONEPAY",15794.00,21592.00,-5798.00,-5798.00,,"Not Matched",Pending
19-04-2024,19-04-2024,7607,67607,"PE BLUE","WALLET PHONEPAY",.00,9246.00,-9246.00,-9246.00,,"Not Matched",Pending
19-04-2024,19-04-2024,7618,37618,"AS PRIME","WALLET PHONEPAY",19542.00,23840.00,-4298.00,-4298.00,,"Not Matched",Pending
19-04-2024,19-04-2024,7714,67714,"PE RED","WALLET PHONEPAY",13020.00,14019.04,-999.04,-999.04,,"Not Matched",Pending
19-04-2024,19-04-2024,8148,28148,"VAN HEUSEN","WALLET PHONEPAY",35135.00,29989.00,5146.00,5146.00,,"Not Matched",Pending
19-04-2024,19-04-2024,8356,28356,"VAN HEUSEN","WALLET PHONEPAY",.00,1347.00,-1347.00,-1347.00,,"Not Matched",Pending
19-04-2024,19-04-2024,8446,78446,"FOREVER 21","WALLET PHONEPAY",.00,69100.00,-69100.00,-69100.00,,"Not Matched",Pending
19-04-2024,19-04-2024,9421,59421,"AMERICAN EAGLE","WALLET PHONEPAY",.00,17345.51,-17345.51,-17345.51,,"Not Matched",Pending
19-04-2024,19-04-2024,9701,59701,"AMERICAN EAGLE","WALLET PHONEPAY",.00,12096.00,-12096.00,-12096.00,,"Not Matched",Pending
19-04-2024,19-04-2024,9710,59710,"AMERICAN EAGLE","WALLET PHONEPAY",.00,2999.00,-2999.00,-2999.00,,"Not Matched",Pending
19-04-2024,19-04-2024,9996,29996,"VAN HEUSEN","WALLET PHONEPAY",10075.10,12454.25,-2379.15,-2379.15,,"Not Matched",Pending
20-04-2024,20-04-2024,3269,13269,"LOUIS PHILIPPE","WALLET PHONEPAY",29595.00,38192.00,-8597.00,-8597.00,,"Not Matched",Pending
20-04-2024,20-04-2024,3924,63924,"PE RED","WALLET PHONEPAY",16090.04,19088.04,-2998.00,-2998.00,,"Not Matched",Pending
20-04-2024,20-04-2024,4535,34535,"ALLEN SOLLY","WALLET PHONEPAY",5298.00,18395.00,-13097.00,-13097.00,,"Not Matched",Pending
20-04-2024,20-04-2024,5342,15342,"LOUIS PHILIPPE","WALLET PHONEPAY",1698.00,1947.00,-249.00,-249.00,,"Not Matched",Pending
20-04-2024,20-04-2024,6187,66187,"PE RED","WALLET PHONEPAY",3036.00,3735.00,-699.00,-699.00,,"Not Matched",Pending
20-04-2024,20-04-2024,6376,66376,"PE RED","WALLET PHONEPAY",8996.00,10295.00,-1299.00,-1299.00,,"Not Matched",Pending
20-04-2024,20-04-2024,6421,66421,"PE RED","WALLET PHONEPAY",6997.30,7997.30,-1000.00,-1000.00,,"Not Matched",Pending
20-04-2024,20-04-2024,6791,86791,"VAN HEUSEN VALUE STORE","WALLET PHONEPAY",8297.00,13895.00,-5598.00,-5598.00,,"Not Matched",Pending
20-04-2024,20-04-2024,6975,36975,"AS PRIME","WALLET PHONEPAY",22591.80,27459.80,-4868.00,-4868.00,,"Not Matched",Pending
20-04-2024,20-04-2024,7055,67055,"PE BLUE","WALLET PHONEPAY",3598.00,8054.60,-4456.60,-4456.60,,"Not Matched",Pending
20-04-2024,20-04-2024,7756,27756,"VH GOLD","WALLET PHONEPAY",15255.80,17934.10,-2678.30,-2678.30,,"Not Matched",Pending
20-04-2024,20-04-2024,7771,67771,"PE BLUE","WALLET PHONEPAY",7739.72,11936.72,-4197.00,-4197.00,,"Not Matched",Pending
20-04-2024,20-04-2024,7819,17819,"LP ALL STAR","WALLET PHONEPAY",13812.60,15111.60,-1299.00,-1299.00,,"Not Matched",Pending
20-04-2024,20-04-2024,7822,37822,"AS PRIME","WALLET PHONEPAY",22250.00,22409.00,-159.00,-159.00,,"Not Matched",Pending
20-04-2024,20-04-2024,8446,78446,"FOREVER 21","WALLET PHONEPAY",.00,29806.00,-29806.00,-29806.00,,"Not Matched",Pending
20-04-2024,20-04-2024,9421,59421,"AMERICAN EAGLE","WALLET PHONEPAY",.00,37488.00,-37488.00,-37488.00,,"Not Matched",Pending
20-04-2024,20-04-2024,9996,29996,"VAN HEUSEN","WALLET PHONEPAY",3097.00,717.85,2379.15,2379.15,,"Not Matched",Pending
21-04-2024,21-04-2024,2556,62556,"PE BLUE","WALLET PAYTM",53202.80,56100.80,-2898.00,-2898.00,,"Not Matched",Pending
21-04-2024,21-04-2024,3618,63618,"PE RED","WALLET PHONEPAY",13930.20,19626.20,-5696.00,-5696.00,,"Not Matched",Pending
21-04-2024,21-04-2024,3644,63644,"PE RED","WALLET PHONEPAY",7836.00,9035.00,-1199.00,-1199.00,,"Not Matched",Pending
21-04-2024,21-04-2024,3698,63698,"PE RED","WALLET PHONEPAY",1299.00,6395.00,-5096.00,-5096.00,,"Not Matched",Pending
21-04-2024,21-04-2024,3721,13721,"LOUIS PHILIPPE","WALLET PHONEPAY",118309.50,119833.53,-1524.03,-1524.03,,"Not Matched",Pending
21-04-2024,21-04-2024,3845,63845,"PE RED","WALLET PHONEPAY",5396.00,9194.00,-3798.00,-3798.00,,"Not Matched",Pending
21-04-2024,21-04-2024,3876,63876,"PE RED","WALLET PHONEPAY",22385.00,23984.00,-1599.00,-1599.00,,"Not Matched",Pending
21-04-2024,21-04-2024,3885,63885,"PE RED","WALLET PHONEPAY",4996.00,6395.07,-1399.07,-1399.07,,"Not Matched",Pending
21-04-2024,21-04-2024,3935,63935,"PE BLUE","WALLET PHONEPAY",27823.20,30770.20,-2947.00,-2947.00,,"Not Matched",Pending
21-04-2024,21-04-2024,5342,15342,"LOUIS PHILIPPE","WALLET PHONEPAY",26046.50,26344.50,-298.00,-298.00,,"Not Matched",Pending
21-04-2024,21-04-2024,5894,65894,"PE RED","WALLET PHONEPAY",15509.07,16507.07,-998.00,-998.00,,"Not Matched",Pending
21-04-2024,21-04-2024,5989,25989,"VAN HEUSEN","WALLET PHONEPAY",36420.80,37719.80,-1299.00,-1299.00,,"Not Matched",Pending
21-04-2024,21-04-2024,6229,66229,"PE RED","WALLET PHONEPAY",18883.00,24129.00,-5246.00,-5246.00,,"Not Matched",Pending
21-04-2024,21-04-2024,6243,66243,"PE RED","WALLET PHONEPAY",8431.00,9430.00,-999.00,-999.00,,"Not Matched",Pending
21-04-2024,21-04-2024,6289,66289,"PE RED","WALLET PHONEPAY",30762.00,36462.00,-5700.00,-5700.00,,"Not Matched",Pending
21-04-2024,21-04-2024,6556,66556,"PE RED","WALLET PHONEPAY",4593.00,5292.00,-699.00,-699.00,,"Not Matched",Pending
21-04-2024,21-04-2024,6758,36758,"ALLEN SOLLY","WALLET PHONEPAY",13190.00,18586.00,-5396.00,-5396.00,,"Not Matched",Pending
21-04-2024,21-04-2024,6832,36832,"AS PRIME","WALLET PHONEPAY",15051.80,17549.80,-2498.00,-2498.00,,"Not Matched",Pending
21-04-2024,21-04-2024,6914,36914,"AS PRIME","WALLET PHONEPAY",22993.80,29491.80,-6498.00,-6498.00,,"Not Matched",Pending
21-04-2024,21-04-2024,7054,67054,"PE RED","WALLET PHONEPAY",2897.00,7973.00,-5076.00,-5076.00,,"Not Matched",Pending
21-04-2024,21-04-2024,7615,17615,"LP ALL STAR","WALLET PHONEPAY",.00,8983.29,-8983.29,-8983.29,,"Not Matched",Pending
21-04-2024,21-04-2024,7771,67771,"PE BLUE","WALLET PHONEPAY",16283.00,24997.60,-8714.60,-8714.60,,"Not Matched",Pending
21-04-2024,21-04-2024,8197,28197,"VAN HEUSEN","WALLET PHONEPAY",.00,7997.00,-7997.00,-7997.00,,"Not Matched",Pending
21-04-2024,21-04-2024,8289,28289,"VAN HEUSEN","WALLET PHONEPAY",5298.00,12297.00,-6999.00,-6999.00,,"Not Matched",Pending
21-04-2024,21-04-2024,8446,78446,"FOREVER 21","WALLET PHONEPAY",.00,32102.00,-32102.00,-32102.00,,"Not Matched",Pending
21-04-2024,21-04-2024,9091,19091,"LP ALL STAR","WALLET PHONEPAY",6196.30,12143.30,-5947.00,-5947.00,,"Not Matched",Pending
21-04-2024,21-04-2024,9421,59421,"AMERICAN EAGLE","WALLET PHONEPAY",.00,9696.50,-9696.50,-9696.50,,"Not Matched",Pending
21-04-2024,21-04-2024,9605,29605,"VAN HEUSEN","WALLET PHONEPAY",29994.00,62391.00,-32397.00,-32397.00,,"Not Matched",Pending
21-04-2024,21-04-2024,9701,59701,"AMERICAN EAGLE","WALLET PHONEPAY",.00,18194.00,-18194.00,-18194.00,,"Not Matched",Pending
21-04-2024,21-04-2024,9704,59704,"AMERICAN EAGLE","WALLET PHONEPAY",.00,24165.25,-24165.25,-24165.25,,"Not Matched",Pending
21-04-2024,21-04-2024,9872,69872,"PE BLUE","WALLET PHONEPAY",20186.39,23783.59,-3597.20,-3597.20,,"Not Matched",Pending
22-04-2024,22-04-2024,1266,41266,"PLANET FASHION","WALLET PHONEPAY",6897.00,14544.00,-7647.00,-7647.00,,"Not Matched",Pending
22-04-2024,22-04-2024,2591,62591,"PE BLUE","WALLET PHONEPAY",.00,6246.00,-6246.00,-6246.00,,"Not Matched",Pending
22-04-2024,22-04-2024,2977,32977,"ALLEN SOLLY","WALLET PHONEPAY",14007.00,15306.00,-1299.00,-1299.00,,"Not Matched",Pending
22-04-2024,22-04-2024,3314,13314,"LOUIS PHILIPPE","WALLET PHONEPAY",7825.00,12923.00,-5098.00,-5098.00,,"Not Matched",Pending
22-04-2024,22-04-2024,3721,13721,"LOUIS PHILIPPE","WALLET PHONEPAY",9297.80,10116.00,-818.20,-818.20,,"Not Matched",Pending
22-04-2024,22-04-2024,3888,63888,"PE BLUE","WALLET PHONEPAY",547.00,746.00,-199.00,-199.00,,"Not Matched",Pending
22-04-2024,22-04-2024,3931,63931,"PE RED","WALLET PHONEPAY",16937.00,19535.00,-2598.00,-2598.00,,"Not Matched",Pending
22-04-2024,22-04-2024,3982,63982,"PE RED","WALLET PHONEPAY",4226.05,7324.05,-3098.00,-3098.00,,"Not Matched",Pending
22-04-2024,22-04-2024,3986,63986,"PE RED","WALLET PHONEPAY",1047.00,2646.04,-1599.04,-1599.04,,"Not Matched",Pending
22-04-2024,22-04-2024,4812,34812,"AS PRIME","WALLET PHONEPAY",12894.00,16892.00,-3998.00,-3998.00,,"Not Matched",Pending
22-04-2024,22-04-2024,4850,34850,"AS PRIME","WALLET PHONEPAY",2698.00,4931.00,-2233.00,-2233.00,,"Not Matched",Pending
22-04-2024,22-04-2024,4890,34890,"AS PRIME","WALLET PHONEPAY",13600.00,17698.00,-4098.00,-4098.00,,"Not Matched",Pending
22-04-2024,22-04-2024,5527,15527,"LOUIS PHILIPPE","WALLET PHONEPAY",18444.00,4450.00,13994.00,13994.00,,"Not Matched",Pending
22-04-2024,22-04-2024,5585,65585,"PE RED","WALLET PHONEPAY",4197.00,7393.00,-3196.00,-3196.00,,"Not Matched",Pending
22-04-2024,22-04-2024,5777,25777,"VAN HEUSEN","WALLET PHONEPAY",10841.47,16639.47,-5798.00,-5798.00,,"Not Matched",Pending
22-04-2024,22-04-2024,5779,35779,"AS PRIME","WALLET PHONEPAY",1799.00,3648.00,-1849.00,-1849.00,,"Not Matched",Pending
22-04-2024,22-04-2024,6096,66096,"PE RED","WALLET PHONEPAY",.00,1999.00,-1999.00,-1999.00,,"Not Matched",Pending
22-04-2024,22-04-2024,6200,66200,"PE RED","WALLET PAYTM",4222.00,4476.00,-254.00,-254.00,,"Not Matched",Pending
22-04-2024,22-04-2024,6344,66344,"PE RED","WALLET PHONEPAY",13463.00,17060.00,-3597.00,-3597.00,,"Not Matched",Pending
22-04-2024,22-04-2024,6726,66726,"PE RED","WALLET PHONEPAY",14990.25,17286.25,-2296.00,-2296.00,,"Not Matched",Pending
22-04-2024,22-04-2024,6743,66743,"PE RED","WALLET PHONEPAY",2898.00,3297.00,-399.00,-399.00,,"Not Matched",Pending
22-04-2024,22-04-2024,7265,67265,"PE BLUE","WALLET PHONEPAY",16790.80,18789.20,-1998.40,-1998.40,,"Not Matched",Pending
22-04-2024,22-04-2024,7669,17669,"LP ALL STAR","WALLET PHONEPAY",18.80,1214.80,-1196.00,-1196.00,,"Not Matched",Pending
22-04-2024,22-04-2024,7675,17675,"LOUIS PHILIPPE","WALLET PHONEPAY",18889.00,21288.00,-2399.00,-2399.00,,"Not Matched",Pending
22-04-2024,22-04-2024,7858,37858,"AS PRIME","WALLET PHONEPAY",4847.00,6345.00,-1498.00,-1498.00,,"Not Matched",Pending
22-04-2024,22-04-2024,8286,28286,"VH GOLD","WALLET PHONEPAY",1258.00,1856.00,-598.00,-598.00,,"Not Matched",Pending
22-04-2024,22-04-2024,8322,28322,"VH GOLD","WALLET PHONEPAY",.00,2278.80,-2278.80,-2278.80,,"Not Matched",Pending
22-04-2024,22-04-2024,8446,78446,"FOREVER 21","WALLET PHONEPAY",.00,9986.00,-9986.00,-9986.00,,"Not Matched",Pending
22-04-2024,22-04-2024,9078,19078,"LP ALL STAR","WALLET PHONEPAY",1699.00,6735.20,-5036.20,-5036.20,,"Not Matched",Pending
22-04-2024,22-04-2024,9421,59421,"AMERICAN EAGLE","WALLET PHONEPAY",.00,4999.00,-4999.00,-4999.00,,"Not Matched",Pending
22-04-2024,22-04-2024,9448,69448,"PE BLUE","WALLET PHONEPAY",2898.00,3198.00,-300.00,-300.00,,"Not Matched",Pending
22-04-2024,22-04-2024,9605,29605,"VAN HEUSEN","WALLET PHONEPAY",3499.00,-28898.00,32397.00,32397.00,,"Not Matched",Pending
22-04-2024,22-04-2024,9701,59701,"AMERICAN EAGLE","WALLET PHONEPAY",.00,6497.00,-6497.00,-6497.00,,"Not Matched",Pending
22-04-2024,22-04-2024,9704,59704,"AMERICAN EAGLE","WALLET PHONEPAY",.00,32334.00,-32334.00,-32334.00,,"Not Matched",Pending
22-04-2024,22-04-2024,9712,59712,"AMERICAN EAGLE","WALLET PHONEPAY",.00,7197.00,-7197.00,-7197.00,,"Not Matched",Pending
22-04-2024,22-04-2024,9823,69823,"PE BLUE","WALLET PHONEPAY",4098.00,6397.00,-2299.00,-2299.00,,"Not Matched",Pending
22-04-2024,22-04-2024,9883,39883,"ALLEN SOLLY","WALLET PHONEPAY",3598.00,5376.00,-1778.00,-1778.00,,"Not Matched",Pending
22-04-2024,22-04-2024,9898,19898,"LOUIS PHILIPPE","WALLET PHONEPAY",2799.00,9397.00,-6598.00,-6598.00,,"Not Matched",Pending
23-04-2024,23-04-2024,1266,41266,"PLANET FASHION","WALLET PHONEPAY",6397.00,13144.00,-6747.00,-6747.00,,"Not Matched",Pending
23-04-2024,23-04-2024,3269,13269,"LOUIS PHILIPPE","WALLET PHONEPAY",.00,-8597.00,8597.00,8597.00,,"Not Matched",Pending
23-04-2024,23-04-2024,3392,13392,"LOUIS PHILIPPE","WALLET PHONEPAY",15595.00,15893.00,-298.00,-298.00,,"Not Matched",Pending
23-04-2024,23-04-2024,5890,35890,"AS PRIME","WALLET PHONEPAY",.00,10597.30,-10597.30,-10597.30,,"Not Matched",Pending
23-04-2024,23-04-2024,6832,36832,"AS PRIME","WALLET PHONEPAY",1547.00,-951.00,2498.00,2498.00,,"Not Matched",Pending
23-04-2024,23-04-2024,7819,17819,"LP ALL STAR","WALLET PHONEPAY",6754.80,5455.80,1299.00,1299.00,,"Not Matched",Pending
23-04-2024,23-04-2024,7862,17862,"LP ALL STAR","WALLET PHONEPAY",6538.30,9136.30,-2598.00,-2598.00,,"Not Matched",Pending
23-04-2024,23-04-2024,8279,28279,"VAN HEUSEN","WALLET PHONEPAY",13142.80,20539.80,-7397.00,-7397.00,,"Not Matched",Pending
23-04-2024,23-04-2024,8293,28293,"VH GOLD","WALLET PHONEPAY",5277.00,14767.00,-9490.00,-9490.00,,"Not Matched",Pending
23-04-2024,23-04-2024,8446,78446,"FOREVER 21","WALLET PHONEPAY",.00,26257.00,-26257.00,-26257.00,,"Not Matched",Pending
23-04-2024,23-04-2024,9701,59701,"AMERICAN EAGLE","WALLET PHONEPAY",.00,7297.00,-7297.00,-7297.00,,"Not Matched",Pending
23-04-2024,23-04-2024,9704,59704,"AMERICAN EAGLE","WALLET PHONEPAY",.00,5498.00,-5498.00,-5498.00,,"Not Matched",Pending
23-04-2024,23-04-2024,9712,59712,"AMERICAN EAGLE","WALLET PHONEPAY",.00,14895.00,-14895.00,-14895.00,,"Not Matched",Pending
24-04-2024,24-04-2024,1228,31228,"ALLEN SOLLY","WALLET PHONEPAY",.00,-2498.00,2498.00,2498.00,,"Not Matched",Pending
24-04-2024,24-04-2024,1233,21233,"VAN HEUSEN","WALLET PHONEPAY",12476.30,14085.60,-1609.30,-1609.30,,"Not Matched",Pending
24-04-2024,24-04-2024,2614,62614,"PE BLUE","WALLET PHONEPAY",6547.00,9046.00,-2499.00,-2499.00,,"Not Matched",Pending
24-04-2024,24-04-2024,3618,63618,"PE RED","WALLET PHONEPAY",4597.00,-1099.00,5696.00,5696.00,,"Not Matched",Pending
24-04-2024,24-04-2024,3644,63644,"PE RED","WALLET PHONEPAY",.00,-1199.00,1199.00,1199.00,,"Not Matched",Pending
24-04-2024,24-04-2024,3962,63962,"PE RED","WALLET PHONEPAY",16170.00,10194.00,5976.00,5976.00,,"Not Matched",Pending
24-04-2024,24-04-2024,4825,84825,"VAN HEUSEN VALUE STORE","WALLET PHONEPAY",.00,1299.00,-1299.00,-1299.00,,"Not Matched",Pending
24-04-2024,24-04-2024,4831,34831,"AS PRIME","WALLET PHONEPAY",3054.30,5752.30,-2698.00,-2698.00,,"Not Matched",Pending
24-04-2024,24-04-2024,5355,15355,"LOUIS PHILIPPE","WALLET PHONEPAY",8776.80,14374.80,-5598.00,-5598.00,,"Not Matched",Pending
24-04-2024,24-04-2024,5725,15725,"LP ALL STAR","WALLET PHONEPAY",7645.30,9301.60,-1656.30,-1656.30,,"Not Matched",Pending
24-04-2024,24-04-2024,6011,66011,"PE BLUE","WALLET PHONEPAY",.00,169.15,-169.15,-169.15,,"Not Matched",Pending
24-04-2024,24-04-2024,6056,66056,"PE RED","WALLET PHONEPAY",10892.00,7894.00,2998.00,2998.00,,"Not Matched",Pending
24-04-2024,24-04-2024,6160,66160,"PE RED","WALLET PHONEPAY",15947.50,14148.00,1799.50,1799.50,,"Not Matched",Pending
24-04-2024,24-04-2024,6229,66229,"PE RED","WALLET PHONEPAY",7995.00,2749.00,5246.00,5246.00,,"Not Matched",Pending
24-04-2024,24-04-2024,6257,66257,"PE RED","WALLET PHONEPAY",7565.00,7120.00,445.00,445.00,,"Not Matched",Pending
24-04-2024,24-04-2024,6556,66556,"PE RED","WALLET PHONEPAY",.00,1999.06,-1999.06,-1999.06,,"Not Matched",Pending
24-04-2024,24-04-2024,6726,66726,"PE RED","WALLET PHONEPAY",1999.00,-297.00,2296.00,2296.00,,"Not Matched",Pending
24-04-2024,24-04-2024,6758,36758,"ALLEN SOLLY","WALLET PHONEPAY",13544.00,8148.00,5396.00,5396.00,,"Not Matched",Pending
24-04-2024,24-04-2024,7054,67054,"PE RED","WALLET PHONEPAY",200.00,-4876.00,5076.00,5076.00,,"Not Matched",Pending
24-04-2024,24-04-2024,7517,67517,"PE BLUE","WALLET PHONEPAY",1599.00,4098.00,-2499.00,-2499.00,,"Not Matched",Pending
24-04-2024,24-04-2024,8446,78446,"FOREVER 21","WALLET PHONEPAY",.00,799.00,-799.00,-799.00,,"Not Matched",Pending
24-04-2024,24-04-2024,9421,59421,"AMERICAN EAGLE","WALLET PHONEPAY",.00,4598.00,-4598.00,-4598.00,,"Not Matched",Pending
25-04-2024,25-04-2024,1039,41039,"PLANET FASHION","WALLET PHONEPAY",99.25,398.25,-299.00,-299.00,,"Not Matched",Pending
25-04-2024,25-04-2024,1063,11063,"LOUIS PHILIPPE","WALLET PHONEPAY",17996.00,26294.00,-8298.00,-8298.00,,"Not Matched",Pending
25-04-2024,25-04-2024,2446,42446,"PLANET FASHION","WALLET PHONEPAY",4798.00,9975.89,-5177.89,-5177.89,,"Not Matched",Pending
25-04-2024,25-04-2024,4812,34812,"AS PRIME","WALLET PHONEPAY",3596.40,1597.40,1999.00,1999.00,,"Not Matched",Pending
25-04-2024,25-04-2024,4825,84825,"VAN HEUSEN VALUE STORE","WALLET PHONEPAY",.00,-1299.00,1299.00,1299.00,,"Not Matched",Pending
25-04-2024,25-04-2024,4889,34889,"AS PRIME","WALLET PHONEPAY",7794.00,10992.00,-3198.00,-3198.00,,"Not Matched",Pending
25-04-2024,25-04-2024,5360,15360,"LOUIS PHILIPPE","WALLET PHONEPAY",.00,11044.00,-11044.00,-11044.00,,"Not Matched",Pending
25-04-2024,25-04-2024,5530,35530,"ALLEN SOLLY","WALLET PHONEPAY",868.00,5026.00,-4158.00,-4158.00,,"Not Matched",Pending
25-04-2024,25-04-2024,5777,25777,"VAN HEUSEN","WALLET PHONEPAY",16357.00,-636.00,16993.00,16993.00,,"Not Matched",Pending
25-04-2024,25-04-2024,5843,65843,"PE RED","WALLET PHONEPAY",5992.00,13485.00,-7493.00,-7493.00,,"Not Matched",Pending
25-04-2024,25-04-2024,5870,35870,"AS PRIME","WALLET PHONEPAY",7695.00,10993.00,-3298.00,-3298.00,,"Not Matched",Pending
25-04-2024,25-04-2024,6160,66160,"PE RED","WALLET PHONEPAY",8021.06,8919.06,-898.00,-898.00,,"Not Matched",Pending
25-04-2024,25-04-2024,6393,66393,"PE BLUE","WALLET PHONEPAY",25459.39,25743.59,-284.20,-284.20,,"Not Matched",Pending
25-04-2024,25-04-2024,6400,66400,"PE BLUE","WALLET PHONEPAY",6476.00,7475.00,-999.00,-999.00,,"Not Matched",Pending
25-04-2024,25-04-2024,6465,66465,"PE RED","WALLET PHONEPAY",.00,800.00,-800.00,-800.00,,"Not Matched",Pending
25-04-2024,25-04-2024,6627,66627,"PE RED","WALLET PHONEPAY",398.00,4653.60,-4255.60,-4255.60,,"Not Matched",Pending
25-04-2024,25-04-2024,6743,66743,"PE RED","WALLET PHONEPAY",5295.00,6894.00,-1599.00,-1599.00,,"Not Matched",Pending
25-04-2024,25-04-2024,6842,66842,"PE RED","WALLET PHONEPAY",19635.74,21034.81,-1399.07,-1399.07,,"Not Matched",Pending
25-04-2024,25-04-2024,6914,36914,"AS PRIME","WALLET PHONEPAY",6896.00,7794.00,-898.00,-898.00,,"Not Matched",Pending
25-04-2024,25-04-2024,7043,17043,"LOUIS PHILIPPE","WALLET PHONEPAY",7847.00,27156.20,-19309.20,-19309.20,,"Not Matched",Pending
25-04-2024,25-04-2024,7616,17616,"LP ALL STAR","WALLET PHONEPAY",3428.30,4127.30,-699.00,-699.00,,"Not Matched",Pending
25-04-2024,25-04-2024,8279,28279,"VAN HEUSEN","WALLET PHONEPAY",.00,-7397.00,7397.00,7397.00,,"Not Matched",Pending
25-04-2024,25-04-2024,8286,28286,"VH GOLD","WALLET PHONEPAY",324.00,460.00,-136.00,-136.00,,"Not Matched",Pending
25-04-2024,25-04-2024,8446,78446,"FOREVER 21","WALLET PHONEPAY",.00,24008.00,-24008.00,-24008.00,,"Not Matched",Pending
25-04-2024,25-04-2024,9421,59421,"AMERICAN EAGLE","WALLET PHONEPAY",.00,11791.00,-11791.00,-11791.00,,"Not Matched",Pending
25-04-2024,25-04-2024,9701,59701,"AMERICAN EAGLE","WALLET PHONEPAY",.00,10897.00,-10897.00,-10897.00,,"Not Matched",Pending
25-04-2024,25-04-2024,9704,59704,"AMERICAN EAGLE","WALLET PHONEPAY",.00,3198.00,-3198.00,-3198.00,,"Not Matched",Pending
25-04-2024,25-04-2024,9712,59712,"AMERICAN EAGLE","WALLET PHONEPAY",.00,10396.00,-10396.00,-10396.00,,"Not Matched",Pending
26-04-2024,26-04-2024,3269,13269,"LOUIS PHILIPPE","WALLET PHONEPAY",4646.00,1898.00,2748.00,2748.00,,"Not Matched",Pending
26-04-2024,26-04-2024,3721,13721,"LOUIS PHILIPPE","WALLET PHONEPAY",46439.80,53237.80,-6798.00,-6798.00,,"Not Matched",Pending
26-04-2024,26-04-2024,3731,33731,"ALLEN SOLLY","WALLET PHONEPAY",6497.00,8197.00,-1700.00,-1700.00,,"Not Matched",Pending
26-04-2024,26-04-2024,3740,13740,"LOUIS PHILIPPE","WALLET PHONEPAY",5448.00,7362.00,-1914.00,-1914.00,,"Not Matched",Pending
26-04-2024,26-04-2024,3830,63830,"PE BLUE","WALLET PHONEPAY",5447.00,7246.00,-1799.00,-1799.00,,"Not Matched",Pending
26-04-2024,26-04-2024,3938,63938,"PE BLUE","WALLET PHONEPAY",18357.20,20845.95,-2488.75,-2488.75,,"Not Matched",Pending
26-04-2024,26-04-2024,5725,15725,"LP ALL STAR","WALLET PHONEPAY",.00,-1656.30,1656.30,1656.30,,"Not Matched",Pending
26-04-2024,26-04-2024,6467,66467,"PE RED","WALLET PHONEPAY",4097.07,6396.12,-2299.05,-2299.05,,"Not Matched",Pending
26-04-2024,26-04-2024,6832,36832,"AS PRIME","WALLET PHONEPAY",1299.00,2798.00,-1499.00,-1499.00,,"Not Matched",Pending
26-04-2024,26-04-2024,7255,67255,"PE BLUE","WALLET PHONEPAY",.00,1998.20,-1998.20,-1998.20,,"Not Matched",Pending
26-04-2024,26-04-2024,7563,67563,"PE RED","WALLET PHONEPAY",8292.00,9591.00,-1299.00,-1299.00,,"Not Matched",Pending
26-04-2024,26-04-2024,7607,67607,"PE BLUE","WALLET PHONEPAY",.00,-9246.00,9246.00,9246.00,,"Not Matched",Pending
26-04-2024,26-04-2024,7622,37622,"AS PRIME","WALLET PHONEPAY",18119.90,18488.70,-368.80,-368.80,,"Not Matched",Pending
26-04-2024,26-04-2024,7684,37684,"AS PRIME","WALLET PHONEPAY",.00,3500.00,-3500.00,-3500.00,,"Not Matched",Pending
26-04-2024,26-04-2024,7855,37855,"AS PRIME","WALLET PHONEPAY",3307.00,5156.00,-1849.00,-1849.00,,"Not Matched",Pending
26-04-2024,26-04-2024,8446,78446,"FOREVER 21","WALLET PHONEPAY",.00,25894.00,-25894.00,-25894.00,,"Not Matched",Pending
26-04-2024,26-04-2024,9421,59421,"AMERICAN EAGLE","WALLET PHONEPAY",.00,13284.60,-13284.60,-13284.60,,"Not Matched",Pending
26-04-2024,26-04-2024,9704,59704,"AMERICAN EAGLE","WALLET PHONEPAY",.00,9721.00,-9721.00,-9721.00,,"Not Matched",Pending
26-04-2024,26-04-2024,9710,59710,"AMERICAN EAGLE","WALLET PHONEPAY",.00,3898.00,-3898.00,-3898.00,,"Not Matched",Pending
26-04-2024,26-04-2024,9712,59712,"AMERICAN EAGLE","WALLET PHONEPAY",.00,4999.00,-4999.00,-4999.00,,"Not Matched",Pending
27-04-2024,27-04-2024,1175,21175,"VAN HEUSEN","WALLET PHONEPAY",21710.30,24409.30,-2699.00,-2699.00,,"Not Matched",Pending
27-04-2024,27-04-2024,2591,62591,"PE BLUE","WALLET PHONEPAY",16220.10,11682.90,4537.20,4537.20,,"Not Matched",Pending
27-04-2024,27-04-2024,3673,63673,"PE RED","WALLET PHONEPAY",15388.00,16487.00,-1099.00,-1099.00,,"Not Matched",Pending
27-04-2024,27-04-2024,3698,63698,"PE RED","WALLET PHONEPAY",.00,2198.00,-2198.00,-2198.00,,"Not Matched",Pending
27-04-2024,27-04-2024,3821,63821,"PE RED","WALLET PHONEPAY",4094.00,12488.00,-8394.00,-8394.00,,"Not Matched",Pending
27-04-2024,27-04-2024,6106,66106,"PE BLUE","WALLET PHONEPAY",892.00,1741.00,-849.00,-849.00,,"Not Matched",Pending
27-04-2024,27-04-2024,6465,66465,"PE RED","WALLET PHONEPAY",7599.09,6799.09,800.00,800.00,,"Not Matched",Pending
27-04-2024,27-04-2024,6716,66716,"PE RED","WALLET PHONEPAY",46157.00,46456.00,-299.00,-299.00,,"Not Matched",Pending
27-04-2024,27-04-2024,6757,86757,"LOUIS PHILIPPE VALUE STORE","WALLET PHONEPAY",28292.25,32790.25,-4498.00,-4498.00,,"Not Matched",Pending
27-04-2024,27-04-2024,6832,36832,"AS PRIME","WALLET PHONEPAY",.00,-1499.00,1499.00,1499.00,,"Not Matched",Pending
27-04-2024,27-04-2024,8446,78446,"FOREVER 21","WALLET PHONEPAY",.00,38543.00,-38543.00,-38543.00,,"Not Matched",Pending
27-04-2024,27-04-2024,9421,59421,"AMERICAN EAGLE","WALLET PHONEPAY",.00,30039.75,-30039.75,-30039.75,,"Not Matched",Pending
27-04-2024,27-04-2024,9701,59701,"AMERICAN EAGLE","WALLET PHONEPAY",.00,9696.50,-9696.50,-9696.50,,"Not Matched",Pending
27-04-2024,27-04-2024,9704,59704,"AMERICAN EAGLE","WALLET PHONEPAY",.00,35338.25,-35338.25,-35338.25,,"Not Matched",Pending
27-04-2024,27-04-2024,9712,59712,"AMERICAN EAGLE","WALLET PHONEPAY",.00,699.50,-699.50,-699.50,,"Not Matched",Pending
27-04-2024,27-04-2024,9817,29817,"VAN HEUSEN","WALLET PHONEPAY",.00,3198.00,-3198.00,-3198.00,,"Not Matched",Pending
28-04-2024,28-04-2024,2556,62556,"PE BLUE","WALLET PAYTM",27723.35,33220.35,-5497.00,-5497.00,,"Not Matched",Pending
28-04-2024,28-04-2024,2792,62792,"PE RED","WALLET PHONEPAY",.00,10192.00,-10192.00,-10192.00,,"Not Matched",Pending
28-04-2024,28-04-2024,3731,33731,"ALLEN SOLLY","WALLET PHONEPAY",5057.30,5805.30,-748.00,-748.00,,"Not Matched",Pending
28-04-2024,28-04-2024,3888,63888,"PE BLUE","WALLET PHONEPAY",.00,498.00,-498.00,-498.00,,"Not Matched",Pending
28-04-2024,28-04-2024,5683,65683,"PE RED","WALLET PHONEPAY",6792.00,9390.00,-2598.00,-2598.00,,"Not Matched",Pending
28-04-2024,28-04-2024,6223,66223,"PE RED","WALLET PHONEPAY",26486.00,27385.00,-899.00,-899.00,,"Not Matched",Pending
28-04-2024,28-04-2024,6555,66555,"PE RED","WALLET PHONEPAY",3197.00,6494.00,-3297.00,-3297.00,,"Not Matched",Pending
28-04-2024,28-04-2024,7266,67266,"PE BLUE","WALLET PHONEPAY",19966.20,20613.20,-647.00,-647.00,,"Not Matched",Pending
28-04-2024,28-04-2024,8446,78446,"FOREVER 21","WALLET PHONEPAY",.00,17322.03,-17322.03,-17322.03,,"Not Matched",Pending
28-04-2024,28-04-2024,9421,59421,"AMERICAN EAGLE","WALLET PHONEPAY",.00,24691.00,-24691.00,-24691.00,,"Not Matched",Pending
28-04-2024,28-04-2024,9499,59499,"AMERICAN EAGLE","WALLET PHONEPAY",.00,3298.50,-3298.50,-3298.50,,"Not Matched",Pending
28-04-2024,28-04-2024,9701,59701,"AMERICAN EAGLE","WALLET PHONEPAY",.00,1599.00,-1599.00,-1599.00,,"Not Matched",Pending
28-04-2024,28-04-2024,9704,59704,"AMERICAN EAGLE","WALLET PHONEPAY",.00,24427.80,-24427.80,-24427.80,,"Not Matched",Pending
28-04-2024,28-04-2024,9712,59712,"AMERICAN EAGLE","WALLET PHONEPAY",.00,2799.00,-2799.00,-2799.00,,"Not Matched",Pending
29-04-2024,29-04-2024,1039,41039,"PLANET FASHION","WALLET PHONEPAY",3598.40,5897.40,-2299.00,-2299.00,,"Not Matched",Pending
29-04-2024,29-04-2024,3268,13268,"LOUIS PHILIPPE","WALLET PHONEPAY",.00,2998.00,-2998.00,-2998.00,,"Not Matched",Pending
29-04-2024,29-04-2024,3938,63938,"PE BLUE","WALLET PHONEPAY",14741.29,20513.44,-5772.15,-5772.15,,"Not Matched",Pending
29-04-2024,29-04-2024,4592,34592,"ALLEN SOLLY","WALLET PHONEPAY",.00,4766.00,-4766.00,-4766.00,,"Not Matched",Pending
29-04-2024,29-04-2024,5683,65683,"PE RED","WALLET PHONEPAY",5091.00,2493.00,2598.00,2598.00,,"Not Matched",Pending
29-04-2024,29-04-2024,6188,66188,"PE RED","WALLET PHONEPAY",3095.00,3594.00,-499.00,-499.00,,"Not Matched",Pending
29-04-2024,29-04-2024,6656,66656,"PE RED","WALLET PHONEPAY",699.00,2997.00,-2298.00,-2298.00,,"Not Matched",Pending
29-04-2024,29-04-2024,7255,67255,"PE BLUE","WALLET PHONEPAY",1528.50,-469.70,1998.20,1998.20,,"Not Matched",Pending
29-04-2024,29-04-2024,7558,27558,"VH GOLD","WALLET PHONEPAY",2448.00,2978.00,-530.00,-530.00,,"Not Matched",Pending
29-04-2024,29-04-2024,8446,78446,"FOREVER 21","WALLET PHONEPAY",.00,3695.00,-3695.00,-3695.00,,"Not Matched",Pending
29-04-2024,29-04-2024,9421,59421,"AMERICAN EAGLE","WALLET PHONEPAY",.00,19294.00,-19294.00,-19294.00,,"Not Matched",Pending
29-04-2024,29-04-2024,9701,59701,"AMERICAN EAGLE","WALLET PHONEPAY",.00,14096.00,-14096.00,-14096.00,,"Not Matched",Pending
29-04-2024,29-04-2024,9710,59710,"AMERICAN EAGLE","WALLET PHONEPAY",.00,1299.50,-1299.50,-1299.50,,"Not Matched",Pending
29-04-2024,29-04-2024,9712,59712,"AMERICAN EAGLE","WALLET PHONEPAY",.00,400.00,-400.00,-400.00,,"Not Matched",Pending
30-04-2024,30-04-2024,3721,13721,"LOUIS PHILIPPE","WALLET PHONEPAY",.00,2236.00,-2236.00,-2236.00,,"Not Matched",Pending
30-04-2024,30-04-2024,3738,33738,"ALLEN SOLLY","WALLET PHONEPAY",.00,2168.00,-2168.00,-2168.00,,"Not Matched",Pending
30-04-2024,30-04-2024,3740,13740,"LOUIS PHILIPPE","WALLET PHONEPAY",.00,2499.00,-2499.00,-2499.00,,"Not Matched",Pending
30-04-2024,30-04-2024,3904,63904,"PE RED","WALLET PHONEPAY",1398.00,2497.00,-1099.00,-1099.00,,"Not Matched",Pending
30-04-2024,30-04-2024,4585,34585,"ALLEN SOLLY","WALLET PHONEPAY",9763.30,13861.30,-4098.00,-4098.00,,"Not Matched",Pending
30-04-2024,30-04-2024,6736,36736,"AS PRIME","WALLET PHONEPAY",1900.00,2348.00,-448.00,-448.00,,"Not Matched",Pending
30-04-2024,30-04-2024,6759,36759,"ALLEN SOLLY","WALLET PHONEPAY",.00,1327.00,-1327.00,-1327.00,,"Not Matched",Pending
30-04-2024,30-04-2024,7563,67563,"PE RED","WALLET PHONEPAY",.00,-1299.00,1299.00,1299.00,,"Not Matched",Pending
30-04-2024,30-04-2024,7673,27673,"VAN HEUSEN","WALLET PHONEPAY",1599.20,3198.40,-1599.20,-1599.20,,"Not Matched",Pending
30-04-2024,30-04-2024,7820,17820,"LP ALL STAR","WALLET PHONEPAY",.00,1649.00,-1649.00,-1649.00,,"Not Matched",Pending
30-04-2024,30-04-2024,8446,78446,"FOREVER 21","WALLET PHONEPAY",.00,9490.02,-9490.02,-9490.02,,"Not Matched",Pending
30-04-2024,30-04-2024,9701,59701,"AMERICAN EAGLE","WALLET PHONEPAY",.00,2299.00,-2299.00,-2299.00,,"Not Matched",Pending
30-04-2024,30-04-2024,9704,59704,"AMERICAN EAGLE","WALLET PHONEPAY",.00,2499.50,-2499.50,-2499.50,,"Not Matched",Pending
30-04-2024,30-04-2024,9712,59712,"AMERICAN EAGLE","WALLET PHONEPAY",.00,2540.63,-2540.63,-2540.63,,"Not Matched",Pending
30-04-2024,30-04-2024,9717,59717,"AMERICAN EAGLE","WALLET PHONEPAY",.00,6256.80,-6256.80,-6256.80,,"Not Matched",Pending
30-04-2024,30-04-2024,9735,39735,"ALLEN SOLLY","WALLET PHONEPAY",.00,2049.00,-2049.00,-2049.00,,"Not Matched",Pending
01-05-2024,01-05-2024,3909,63909,"PE RED","WALLET PHONEPAY",.00,3598.00,-3598.00,-3598.00,,"Not Matched",Pending
01-05-2024,01-05-2024,4568,34568,"ALLEN SOLLY","WALLET PHONEPAY",.00,16393.50,-16393.50,-16393.50,,"Not Matched",Pending
01-05-2024,01-05-2024,4889,34889,"AS PRIME","WALLET PHONEPAY",2218.80,4916.80,-2698.00,-2698.00,,"Not Matched",Pending
01-05-2024,01-05-2024,5786,65786,"PE BLUE","WALLET PHONEPAY",4298.00,9096.00,-4798.00,-4798.00,,"Not Matched",Pending
01-05-2024,01-05-2024,5824,25824,"VH GOLD","WALLET PHONEPAY",18170.50,21018.50,-2848.00,-2848.00,,"Not Matched",Pending
01-05-2024,01-05-2024,5843,65843,"PE RED","WALLET PHONEPAY",7444.00,9743.00,-2299.00,-2299.00,,"Not Matched",Pending
01-05-2024,01-05-2024,5870,35870,"AS PRIME","WALLET PHONEPAY",.00,3298.00,-3298.00,-3298.00,,"Not Matched",Pending
01-05-2024,01-05-2024,5982,65982,"PE RED","WALLET PHONEPAY",15832.00,16531.00,-699.00,-699.00,,"Not Matched",Pending
01-05-2024,01-05-2024,6384,66384,"PE RED","WALLET PHONEPAY",4396.00,5795.00,-1399.00,-1399.00,,"Not Matched",Pending
01-05-2024,01-05-2024,8446,78446,"FOREVER 21","WALLET PHONEPAY",.00,34098.05,-34098.05,-34098.05,,"Not Matched",Pending
01-05-2024,01-05-2024,9421,59421,"AMERICAN EAGLE","WALLET PHONEPAY",.00,22441.75,-22441.75,-22441.75,,"Not Matched",Pending
01-05-2024,01-05-2024,9701,59701,"AMERICAN EAGLE","WALLET PHONEPAY",.00,11096.00,-11096.00,-11096.00,,"Not Matched",Pending
01-05-2024,01-05-2024,9704,59704,"AMERICAN EAGLE","WALLET PHONEPAY",.00,46632.00,-46632.00,-46632.00,,"Not Matched",Pending
01-05-2024,01-05-2024,9817,29817,"VAN HEUSEN","WALLET PHONEPAY",.00,1799.00,-1799.00,-1799.00,,"Not Matched",Pending
02-05-2024,02-05-2024,3721,13721,"LOUIS PHILIPPE","WALLET PHONEPAY",32091.00,54587.00,-22496.00,-22496.00,,"Not Matched",Pending
02-05-2024,02-05-2024,3817,63817,"PE RED","WALLET PHONEPAY",799.00,1598.00,-799.00,-799.00,,"Not Matched",Pending
02-05-2024,02-05-2024,3951,63951,"PE RED","WALLET PHONEPAY",1046.00,3044.00,-1998.00,-1998.00,,"Not Matched",Pending
02-05-2024,02-05-2024,6357,66357,"PE BLUE","WALLET PHONEPAY",2798.00,7436.20,-4638.20,-4638.20,,"Not Matched",Pending
02-05-2024,02-05-2024,6366,66366,"PE RED","WALLET PHONEPAY",799.00,1598.00,-799.00,-799.00,,"Not Matched",Pending
02-05-2024,02-05-2024,6393,66393,"PE BLUE","WALLET PHONEPAY",.00,-284.20,284.20,284.20,,"Not Matched",Pending
02-05-2024,02-05-2024,6656,66656,"PE RED","WALLET PHONEPAY",.00,2399.00,-2399.00,-2399.00,,"Not Matched",Pending
02-05-2024,02-05-2024,6759,36759,"ALLEN SOLLY","WALLET PHONEPAY",10133.00,8806.00,1327.00,1327.00,,"Not Matched",Pending
02-05-2024,02-05-2024,7715,67715,"PE BLUE","WALLET PHONEPAY",2738.20,4977.39,-2239.19,-2239.19,,"Not Matched",Pending
02-05-2024,02-05-2024,7878,37878,"AS PRIME","WALLET PHONEPAY",5996.00,6795.00,-799.00,-799.00,,"Not Matched",Pending
02-05-2024,02-05-2024,8446,78446,"FOREVER 21","WALLET PHONEPAY",.00,1298.00,-1298.00,-1298.00,,"Not Matched",Pending
02-05-2024,02-05-2024,9421,59421,"AMERICAN EAGLE","WALLET PHONEPAY",.00,40759.85,-40759.85,-40759.85,,"Not Matched",Pending
02-05-2024,02-05-2024,9709,59709,"AMERICAN EAGLE","WALLET PHONEPAY",.00,1399.00,-1399.00,-1399.00,,"Not Matched",Pending
02-05-2024,02-05-2024,9712,59712,"AMERICAN EAGLE","WALLET PHONEPAY",.00,3547.75,-3547.75,-3547.75,,"Not Matched",Pending
02-05-2024,02-05-2024,9725,19725,"LOUIS PHILIPPE","WALLET PHONEPAY",7586.80,10585.80,-2999.00,-2999.00,,"Not Matched",Pending
03-05-2024,03-05-2024,3854,63854,"PE RED","WALLET PHONEPAY",5096.00,6395.00,-1299.00,-1299.00,,"Not Matched",Pending
03-05-2024,03-05-2024,3961,63961,"PE RED","WALLET PHONEPAY",3695.00,3994.00,-299.00,-299.00,,"Not Matched",Pending
03-05-2024,03-05-2024,5843,65843,"PE RED","WALLET PHONEPAY",4097.00,8373.00,-4276.00,-4276.00,,"Not Matched",Pending
03-05-2024,03-05-2024,6536,66536,"PE BLUE","WALLET PHONEPAY",11260.10,11710.10,-450.00,-450.00,,"Not Matched",Pending
03-05-2024,03-05-2024,6575,66575,"PE RED","WALLET PHONEPAY",5296.00,6095.00,-799.00,-799.00,,"Not Matched",Pending
03-05-2024,03-05-2024,6914,36914,"AS PRIME","WALLET PHONEPAY",8193.00,9992.00,-1799.00,-1799.00,,"Not Matched",Pending
03-05-2024,03-05-2024,7617,37617,"ALLEN SOLLY","WALLET PHONEPAY",.00,11345.00,-11345.00,-11345.00,,"Not Matched",Pending
03-05-2024,03-05-2024,7675,17675,"LOUIS PHILIPPE","WALLET PHONEPAY",25448.00,30746.00,-5298.00,-5298.00,,"Not Matched",Pending
03-05-2024,03-05-2024,7714,67714,"PE RED","WALLET PHONEPAY",6200.00,5200.96,999.04,999.04,,"Not Matched",Pending
03-05-2024,03-05-2024,8446,78446,"FOREVER 21","WALLET PHONEPAY",.00,298.01,-298.01,-298.01,,"Not Matched",Pending
03-05-2024,03-05-2024,9421,59421,"AMERICAN EAGLE","WALLET PHONEPAY",.00,10336.50,-10336.50,-10336.50,,"Not Matched",Pending
03-05-2024,03-05-2024,9701,59701,"AMERICAN EAGLE","WALLET PHONEPAY",.00,2999.00,-2999.00,-2999.00,,"Not Matched",Pending
03-05-2024,03-05-2024,9704,59704,"AMERICAN EAGLE","WALLET PHONEPAY",.00,9597.50,-9597.50,-9597.50,,"Not Matched",Pending
03-05-2024,03-05-2024,9712,59712,"AMERICAN EAGLE","WALLET PHONEPAY",.00,16692.50,-16692.50,-16692.50,,"Not Matched",Pending
03-05-2024,03-05-2024,9713,59713,"AMERICAN EAGLE","WALLET PHONEPAY",.00,2999.00,-2999.00,-2999.00,,"Not Matched",Pending
03-05-2024,03-05-2024,9978,19978,"LOUIS PHILIPPE","WALLET PHONEPAY",10096.40,16394.40,-6298.00,-6298.00,,"Not Matched",Pending
04-05-2024,04-05-2024,1233,21233,"VAN HEUSEN","WALLET PHONEPAY",.00,2499.00,-2499.00,-2499.00,,"Not Matched",Pending
04-05-2024,04-05-2024,3876,63876,"PE RED","WALLET PHONEPAY",19593.00,21291.00,-1698.00,-1698.00,,"Not Matched",Pending
04-05-2024,04-05-2024,6371,66371,"PE RED","WALLET PHONEPAY",6495.00,8094.00,-1599.00,-1599.00,,"Not Matched",Pending
04-05-2024,04-05-2024,6833,66833,"PE RED","WALLET PHONEPAY",.00,129.00,-129.00,-129.00,,"Not Matched",Pending
04-05-2024,04-05-2024,6842,66842,"PE RED","WALLET PHONEPAY",3397.00,4796.00,-1399.00,-1399.00,,"Not Matched",Pending
04-05-2024,04-05-2024,7617,37617,"ALLEN SOLLY","WALLET PHONEPAY",4734.00,-864.00,5598.00,5598.00,,"Not Matched",Pending
04-05-2024,04-05-2024,7669,17669,"LP ALL STAR","WALLET PHONEPAY",8094.00,9068.25,-974.25,-974.25,,"Not Matched",Pending
04-05-2024,04-05-2024,7822,37822,"AS PRIME","WALLET PHONEPAY",13721.10,18217.10,-4496.00,-4496.00,,"Not Matched",Pending
04-05-2024,04-05-2024,8446,78446,"FOREVER 21","WALLET PHONEPAY",.00,18075.05,-18075.05,-18075.05,,"Not Matched",Pending
04-05-2024,04-05-2024,9421,59421,"AMERICAN EAGLE","WALLET PHONEPAY",.00,31934.00,-31934.00,-31934.00,,"Not Matched",Pending
04-05-2024,04-05-2024,9704,59704,"AMERICAN EAGLE","WALLET PHONEPAY",.00,23250.70,-23250.70,-23250.70,,"Not Matched",Pending
04-05-2024,04-05-2024,9709,59709,"AMERICAN EAGLE","WALLET PHONEPAY",.00,3848.25,-3848.25,-3848.25,,"Not Matched",Pending
04-05-2024,04-05-2024,9712,59712,"AMERICAN EAGLE","WALLET PHONEPAY",.00,12095.00,-12095.00,-12095.00,,"Not Matched",Pending
04-05-2024,04-05-2024,9713,59713,"AMERICAN EAGLE","WALLET PHONEPAY",.00,2999.00,-2999.00,-2999.00,,"Not Matched",Pending
04-05-2024,04-05-2024,9763,29763,"VAN HEUSEN","WALLET PHONEPAY",5098.00,6587.00,-1489.00,-1489.00,,"Not Matched",Pending
05-05-2024,05-05-2024,2977,32977,"ALLEN SOLLY","WALLET PHONEPAY",6747.00,8546.00,-1799.00,-1799.00,,"Not Matched",Pending
05-05-2024,05-05-2024,3690,63690,"PE RED","WALLET PHONEPAY",2298.00,2797.00,-499.00,-499.00,,"Not Matched",Pending
05-05-2024,05-05-2024,3721,13721,"LOUIS PHILIPPE","WALLET PHONEPAY",94186.05,97785.05,-3599.00,-3599.00,,"Not Matched",Pending
05-05-2024,05-05-2024,3821,63821,"PE RED","WALLET PHONEPAY",6795.00,8292.00,-1497.00,-1497.00,,"Not Matched",Pending
05-05-2024,05-05-2024,3935,63935,"PE BLUE","WALLET PHONEPAY",26869.10,32167.10,-5298.00,-5298.00,,"Not Matched",Pending
05-05-2024,05-05-2024,4539,34539,"ALLEN SOLLY","WALLET PHONEPAY",6897.00,12445.00,-5548.00,-5548.00,,"Not Matched",Pending
05-05-2024,05-05-2024,4889,34889,"AS PRIME","WALLET PHONEPAY",4987.30,7685.30,-2698.00,-2698.00,,"Not Matched",Pending
05-05-2024,05-05-2024,5894,65894,"PE RED","WALLET PHONEPAY",17734.00,18333.00,-599.00,-599.00,,"Not Matched",Pending
05-05-2024,05-05-2024,6286,66286,"PE RED","WALLET PHONEPAY",26378.60,28826.60,-2448.00,-2448.00,,"Not Matched",Pending
05-05-2024,05-05-2024,6628,66628,"PE RED","WALLET PHONEPAY",13185.00,15283.00,-2098.00,-2098.00,,"Not Matched",Pending
05-05-2024,05-05-2024,7019,67019,"PE BLUE","WALLET PHONEPAY",1183.00,1346.80,-163.80,-163.80,,"Not Matched",Pending
05-05-2024,05-05-2024,7074,27074,"VH GOLD","WALLET PHONEPAY",1598.00,3646.00,-2048.00,-2048.00,,"Not Matched",Pending
05-05-2024,05-05-2024,7255,67255,"PE BLUE","WALLET PHONEPAY",.00,2038.70,-2038.70,-2038.70,,"Not Matched",Pending
05-05-2024,05-05-2024,7859,67859,"PE BLUE","WALLET PHONEPAY",14540.70,17338.70,-2798.00,-2798.00,,"Not Matched",Pending
05-05-2024,05-05-2024,8446,78446,"FOREVER 21","WALLET PHONEPAY",.00,14387.01,-14387.01,-14387.01,,"Not Matched",Pending
05-05-2024,05-05-2024,9421,59421,"AMERICAN EAGLE","WALLET PHONEPAY",.00,44383.50,-44383.50,-44383.50,,"Not Matched",Pending
05-05-2024,05-05-2024,9648,39648,"ALLEN SOLLY","WALLET PHONEPAY",12190.00,14239.00,-2049.00,-2049.00,,"Not Matched",Pending
05-05-2024,05-05-2024,9701,59701,"AMERICAN EAGLE","WALLET PHONEPAY",.00,1599.00,-1599.00,-1599.00,,"Not Matched",Pending
05-05-2024,05-05-2024,9704,59704,"AMERICAN EAGLE","WALLET PHONEPAY",.00,29986.00,-29986.00,-29986.00,,"Not Matched",Pending
05-05-2024,05-05-2024,9706,59706,"AMERICAN EAGLE","WALLET PHONEPAY",.00,2599.00,-2599.00,-2599.00,,"Not Matched",Pending
05-05-2024,05-05-2024,9713,59713,"AMERICAN EAGLE","WALLET PHONEPAY",.00,3599.00,-3599.00,-3599.00,,"Not Matched",Pending
05-05-2024,05-05-2024,9880,19880,"LOUIS PHILIPPE","WALLET PHONEPAY",1649.00,19944.90,-18295.90,-18295.90,,"Not Matched",Pending
06-05-2024,06-05-2024,2577,62577,"PE BLUE","WALLET PHONEPAY",7897.00,13297.00,-5400.00,-5400.00,,"Not Matched",Pending
06-05-2024,06-05-2024,3050,13050,"LOUIS PHILIPPE","WALLET PHONEPAY",16172.50,26374.54,-10202.04,-10202.04,,"Not Matched",Pending
06-05-2024,06-05-2024,3427,43427,"PLANET FASHION","WALLET PHONEPAY",.00,2599.00,-2599.00,-2599.00,,"Not Matched",Pending
06-05-2024,06-05-2024,3662,63662,"PE BLUE","WALLET PHONEPAY",.00,200.00,-200.00,-200.00,,"Not Matched",Pending
06-05-2024,06-05-2024,3669,63669,"PE RED","WALLET PHONEPAY",1299.00,3997.00,-2698.00,-2698.00,,"Not Matched",Pending
06-05-2024,06-05-2024,3721,13721,"LOUIS PHILIPPE","WALLET PHONEPAY",15841.80,34339.80,-18498.00,-18498.00,,"Not Matched",Pending
06-05-2024,06-05-2024,3738,33738,"ALLEN SOLLY","WALLET PHONEPAY",.00,369.00,-369.00,-369.00,,"Not Matched",Pending
06-05-2024,06-05-2024,3788,13788,"LOUIS PHILIPPE","WALLET PHONEPAY",20643.00,24642.00,-3999.00,-3999.00,,"Not Matched",Pending
06-05-2024,06-05-2024,3876,63876,"PE RED","WALLET PHONEPAY",8901.00,12217.00,-3316.00,-3316.00,,"Not Matched",Pending
06-05-2024,06-05-2024,3903,63903,"PE RED","WALLET PHONEPAY",.00,400.00,-400.00,-400.00,,"Not Matched",Pending
06-05-2024,06-05-2024,3951,63951,"PE RED","WALLET PHONEPAY",.00,-1998.00,1998.00,1998.00,,"Not Matched",Pending
06-05-2024,06-05-2024,4576,34576,"ALLEN SOLLY","WALLET PHONEPAY",5048.00,6247.00,-1199.00,-1199.00,,"Not Matched",Pending
06-05-2024,06-05-2024,4812,34812,"AS PRIME","WALLET PHONEPAY",5646.00,3647.00,1999.00,1999.00,,"Not Matched",Pending
06-05-2024,06-05-2024,4889,34889,"AS PRIME","WALLET PHONEPAY",13344.00,14343.00,-999.00,-999.00,,"Not Matched",Pending
06-05-2024,06-05-2024,5538,35538,"AS PRIME","WALLET PHONEPAY",.00,2298.00,-2298.00,-2298.00,,"Not Matched",Pending
06-05-2024,06-05-2024,5660,35660,"AS PRIME","WALLET PHONEPAY",.00,22138.00,-22138.00,-22138.00,,"Not Matched",Pending
06-05-2024,06-05-2024,6021,66021,"PE RED","WALLET PHONEPAY",.00,699.00,-699.00,-699.00,,"Not Matched",Pending
06-05-2024,06-05-2024,6140,66140,"PE RED","WALLET PHONEPAY",1252.00,3850.00,-2598.00,-2598.00,,"Not Matched",Pending
06-05-2024,06-05-2024,6689,66689,"PE BLUE","WALLET PHONEPAY",28356.70,29354.70,-998.00,-998.00,,"Not Matched",Pending
06-05-2024,06-05-2024,6741,66741,"PE RED","WALLET PHONEPAY",1399.00,1598.00,-199.00,-199.00,,"Not Matched",Pending
06-05-2024,06-05-2024,6757,86757,"LOUIS PHILIPPE VALUE STORE","WALLET PHONEPAY",11319.50,14618.50,-3299.00,-3299.00,,"Not Matched",Pending
06-05-2024,06-05-2024,7004,67004,"PE RED","WALLET PHONEPAY",2998.00,4996.00,-1998.00,-1998.00,,"Not Matched",Pending
06-05-2024,06-05-2024,7054,67054,"PE RED","WALLET PHONEPAY",5397.00,10793.00,-5396.00,-5396.00,,"Not Matched",Pending
06-05-2024,06-05-2024,7517,67517,"PE BLUE","WALLET PHONEPAY",.00,1299.00,-1299.00,-1299.00,,"Not Matched",Pending
06-05-2024,06-05-2024,7574,67574,"PE BLUE","WALLET PHONEPAY",.00,999.00,-999.00,-999.00,,"Not Matched",Pending
06-05-2024,06-05-2024,7715,67715,"PE BLUE","WALLET PHONEPAY",2598.00,358.81,2239.19,2239.19,,"Not Matched",Pending
06-05-2024,06-05-2024,8356,28356,"VAN HEUSEN","WALLET PHONEPAY",.00,-1347.00,1347.00,1347.00,,"Not Matched",Pending
06-05-2024,06-05-2024,8446,78446,"FOREVER 21","WALLET PHONEPAY",.00,5396.00,-5396.00,-5396.00,,"Not Matched",Pending
06-05-2024,06-05-2024,9585,49585,"PLANET FASHION","WALLET PHONEPAY",.00,2999.00,-2999.00,-2999.00,,"Not Matched",Pending
06-05-2024,06-05-2024,9735,39735,"ALLEN SOLLY","WALLET PHONEPAY",.00,2299.00,-2299.00,-2299.00,,"Not Matched",Pending
06-05-2024,06-05-2024,9754,39754,"ALLEN SOLLY","WALLET PHONEPAY",1799.00,1968.00,-169.00,-169.00,,"Not Matched",Pending
06-05-2024,06-05-2024,9771,69771,"PE BLUE","WALLET PHONEPAY",.00,6194.00,-6194.00,-6194.00,,"Not Matched",Pending
06-05-2024,06-05-2024,9772,69772,"PE BLUE","WALLET PHONEPAY",1998.00,2998.00,-1000.00,-1000.00,,"Not Matched",Pending
06-05-2024,06-05-2024,9839,19839,"LOUIS PHILIPPE","WALLET PHONEPAY",.00,2399.00,-2399.00,-2399.00,,"Not Matched",Pending
06-05-2024,06-05-2024,9880,19880,"LOUIS PHILIPPE","WALLET PHONEPAY",.00,-9147.95,9147.95,9147.95,,"Not Matched",Pending
07-05-2024,07-05-2024,3788,13788,"LOUIS PHILIPPE","WALLET PHONEPAY",.00,-3999.00,3999.00,3999.00,,"Not Matched",Pending
07-05-2024,07-05-2024,6423,66423,"PE RED","WALLET PHONEPAY",1193.00,1890.00,-697.00,-697.00,,"Not Matched",Pending
07-05-2024,07-05-2024,6726,66726,"PE RED","WALLET PHONEPAY",3597.00,4596.00,-999.00,-999.00,,"Not Matched",Pending
07-05-2024,07-05-2024,7936,37936,"AS PRIME","WALLET PHONEPAY",.00,836.00,-836.00,-836.00,,"Not Matched",Pending
07-05-2024,07-05-2024,8286,28286,"VH GOLD","WALLET PHONEPAY",.00,349.00,-349.00,-349.00,,"Not Matched",Pending
07-05-2024,07-05-2024,9410,49410,"PLANET FASHION","WALLET PHONEPAY",.00,1999.00,-1999.00,-1999.00,,"Not Matched",Pending
07-05-2024,07-05-2024,9421,59421,"AMERICAN EAGLE","WALLET PHONEPAY",.00,4297.00,-4297.00,-4297.00,,"Not Matched",Pending
07-05-2024,07-05-2024,9430,19430,"LOUIS PHILIPPE","WALLET PHONEPAY",1856.00,2093.00,-237.00,-237.00,,"Not Matched",Pending
07-05-2024,07-05-2024,9701,59701,"AMERICAN EAGLE","WALLET PHONEPAY",.00,6116.60,-6116.60,-6116.60,,"Not Matched",Pending
07-05-2024,07-05-2024,9704,59704,"AMERICAN EAGLE","WALLET PHONEPAY",.00,400.00,-400.00,-400.00,,"Not Matched",Pending
07-05-2024,07-05-2024,9737,19737,"LOUIS PHILIPPE","WALLET PHONEPAY",5098.00,6198.00,-1100.00,-1100.00,,"Not Matched",Pending
07-05-2024,07-05-2024,9754,39754,"ALLEN SOLLY","WALLET PHONEPAY",5108.10,6857.40,-1749.30,-1749.30,,"Not Matched",Pending
08-05-2024,08-05-2024,2633,62633,"PE RED","WALLET PHONEPAY",1000.00,4497.00,-3497.00,-3497.00,,"Not Matched",Pending
08-05-2024,08-05-2024,2883,62883,"PE RED","WALLET PHONEPAY",.00,2898.00,-2898.00,-2898.00,,"Not Matched",Pending
08-05-2024,08-05-2024,3690,63690,"PE RED","WALLET PHONEPAY",40.00,3187.00,-3147.00,-3147.00,,"Not Matched",Pending
08-05-2024,08-05-2024,3876,63876,"PE RED","WALLET PHONEPAY",9392.00,10691.00,-1299.00,-1299.00,,"Not Matched",Pending
08-05-2024,08-05-2024,3903,63903,"PE RED","WALLET PHONEPAY",.00,-400.00,400.00,400.00,,"Not Matched",Pending
08-05-2024,08-05-2024,5342,15342,"LOUIS PHILIPPE","WALLET PHONEPAY",.00,9298.00,-9298.00,-9298.00,,"Not Matched",Pending
08-05-2024,08-05-2024,6575,66575,"PE RED","WALLET PHONEPAY",12544.00,14843.00,-2299.00,-2299.00,,"Not Matched",Pending
08-05-2024,08-05-2024,7622,37622,"AS PRIME","WALLET PHONEPAY",3095.00,6292.00,-3197.00,-3197.00,,"Not Matched",Pending
08-05-2024,08-05-2024,8279,28279,"VAN HEUSEN","WALLET PHONEPAY",503.00,2502.00,-1999.00,-1999.00,,"Not Matched",Pending
08-05-2024,08-05-2024,8446,78446,"FOREVER 21","WALLET PHONEPAY",.00,7891.00,-7891.00,-7891.00,,"Not Matched",Pending
08-05-2024,08-05-2024,9421,59421,"AMERICAN EAGLE","WALLET PHONEPAY",.00,1599.00,-1599.00,-1599.00,,"Not Matched",Pending
08-05-2024,08-05-2024,9701,59701,"AMERICAN EAGLE","WALLET PHONEPAY",.00,22970.10,-22970.10,-22970.10,,"Not Matched",Pending
08-05-2024,08-05-2024,9704,59704,"AMERICAN EAGLE","WALLET PHONEPAY",.00,3298.50,-3298.50,-3298.50,,"Not Matched",Pending
08-05-2024,08-05-2024,9771,69771,"PE BLUE","WALLET PHONEPAY",13916.00,7722.00,6194.00,6194.00,,"Not Matched",Pending
09-05-2024,09-05-2024,1043,41043,"PLANET FASHION","WALLET PHONEPAY",3072.00,4672.00,-1600.00,-1600.00,,"Not Matched",Pending
09-05-2024,09-05-2024,5342,15342,"LOUIS PHILIPPE","WALLET PHONEPAY",.00,5798.00,-5798.00,-5798.00,,"Not Matched",Pending
09-05-2024,09-05-2024,5531,35531,"ALLEN SOLLY","WALLET PHONEPAY",.00,2799.00,-2799.00,-2799.00,,"Not Matched",Pending
09-05-2024,09-05-2024,5915,15915,"LP ALL STAR","WALLET PHONEPAY",5097.00,10394.00,-5297.00,-5297.00,,"Not Matched",Pending
09-05-2024,09-05-2024,6071,66071,"PE RED","WALLET PHONEPAY",.00,1998.00,-1998.00,-1998.00,,"Not Matched",Pending
09-05-2024,09-05-2024,7250,17250,"LOUIS PHILIPPE","WALLET PHONEPAY",22124.80,30682.00,-8557.20,-8557.20,,"Not Matched",Pending
09-05-2024,09-05-2024,7255,67255,"PE BLUE","WALLET PHONEPAY",7745.00,5706.30,2038.70,2038.70,,"Not Matched",Pending
09-05-2024,09-05-2024,7872,67872,"PE BLUE","WALLET PHONEPAY",12024.60,15022.60,-2998.00,-2998.00,,"Not Matched",Pending
09-05-2024,09-05-2024,9701,59701,"AMERICAN EAGLE","WALLET PHONEPAY",.00,2248.50,-2248.50,-2248.50,,"Not Matched",Pending
09-05-2024,09-05-2024,9704,59704,"AMERICAN EAGLE","WALLET PHONEPAY",.00,1199.00,-1199.00,-1199.00,,"Not Matched",Pending
09-05-2024,09-05-2024,9713,59713,"AMERICAN EAGLE","WALLET PHONEPAY",.00,2999.00,-2999.00,-2999.00,,"Not Matched",Pending
09-05-2024,09-05-2024,9951,39951,"ALLEN SOLLY","WALLET PHONEPAY",7097.00,9196.00,-2099.00,-2099.00,,"Not Matched",Pending
10-05-2024,10-05-2024,5824,25824,"VH GOLD","WALLET PHONEPAY",999.00,1998.00,-999.00,-999.00,,"Not Matched",Pending
10-05-2024,10-05-2024,8147,28147,"VAN HEUSEN","WALLET PHONEPAY",298.00,11694.00,-11396.00,-11396.00,,"Not Matched",Pending
10-05-2024,10-05-2024,8279,28279,"VAN HEUSEN","WALLET PHONEPAY",.00,-1999.00,1999.00,1999.00,,"Not Matched",Pending
10-05-2024,10-05-2024,9754,39754,"ALLEN SOLLY","WALLET PHONEPAY",.00,-1749.30,1749.30,1749.30,,"Not Matched",Pending
