"Credit Date","Deposit Date","Reference Number","Transaction Branch",Description,Debit,Credit
29-06-2024,29-06-2024,,,"NEFT/IDFBH24181178833/ADITYA BIRLA FASHION  RETAIL LIMIT/HDFC0000060",119800.00,0.00
29-06-2024,29-06-2024,,,CHANDIGARH~CASH~ABFRL~,0.00,54100.00
28-06-2024,28-06-2024,,,"NEFT/IDFBH24180977717/ADITYA BIRLA FASHION  RETAIL LIMIT/HDFC0000060",39000.00,0.00
28-06-2024,28-06-2024,,,CHANDIGARH~CASH~ABFRL~,0.00,119800.00
27-06-2024,27-06-2024,,,"NEFT/IDFBH24179798050/ADITYA BIRLA FASHION  RETAIL LIMIT/HDFC0000060",26200.00,0.00
27-06-2024,27-06-2024,,,CHANDIGARH~CASH~ABFRL~,0.00,39000.00
26-06-2024,26-06-2024,,,"NEFT/IDFBH24178631466/ADITYA BIRLA FASHION  RETAIL LIMIT/HDFC0000060",43850.00,0.00
26-06-2024,26-06-2024,,,CHANDIGARH~CASH~ABFRL~,0.00,26200.00
25-06-2024,25-06-2024,,,"NEFT/IDFBH24177461625/ADITYA BIRLA FASHION  RETAIL LIMIT/HDFC0000060",268280.00,0.00
25-06-2024,25-06-2024,,,CHANDIGARH~CASH~ABFRL~,0.00,43850.00
24-06-2024,24-06-2024,,,"NEFT/IDFBH24176293734/ADITYA BIRLA FASHION  RETAIL LIMIT/HDFC0000060",211400.00,0.00
24-06-2024,24-06-2024,,,CHANDIGARH~CASH~ABFRL~,0.00,268280.00
21-06-2024,21-06-2024,,,CHANDIGARH~CASH~ABFRL~,0.00,211400.00
19-06-2024,19-06-2024,,,"NEFT/IDFBH24171637436/ADITYA BIRLA FASHION  RETAIL LIMIT/HDFC0000060",337580.00,0.00
18-06-2024,18-06-2024,,,"NEFT/IDFBH24170415814/ADITYA BIRLA FASHION  RETAIL LIMIT/HDFC0000060",133550.00,0.00
18-06-2024,18-06-2024,,,CHANDIGARH~CASH~ABFRL~,0.00,337580.00
15-06-2024,15-06-2024,,,"NEFT/IDFBH24167985166/ADITYA BIRLA FASHION  RETAIL LIMIT/HDFC0000060",112700.00,0.00
15-06-2024,15-06-2024,,,CHANDIGARH~CASH~ABFRL~,0.00,133550.00
14-06-2024,14-06-2024,,,"NEFT/IDFBH24166744029/ADITYA BIRLA FASHION  RETAIL LIMIT/HDFC0000060",22400.00,0.00
14-06-2024,14-06-2024,,,CHANDIGARH~CASH~ABFRL~,0.00,112700.00
13-06-2024,13-06-2024,,,"NEFT/IDFBH24165493130/ADITYA BIRLA FASHION  RETAIL LIMIT/HDFC0000060",76250.00,0.00
13-06-2024,13-06-2024,,,CHANDIGARH~CASH~ABFRL~,0.00,22400.00
12-06-2024,12-06-2024,,,"NEFT/IDFBH24164245158/ADITYA BIRLA FASHION  RETAIL LIMIT/HDFC0000060",17400.00,0.00
12-06-2024,12-06-2024,,,CHANDIGARH~CASH~ABFRL~,0.00,76250.00
11-06-2024,11-06-2024,,,"NEFT/IDFBH24163959952/ADITYA BIRLA FASHION  RETAIL LIMIT/HDFC0000060",195700.00,0.00
11-06-2024,11-06-2024,,,CHANDIGARH~CASH~ABFRL~,0.00,17400.00
10-06-2024,10-06-2024,,,"NEFT/IDFBH24162667660/ADITYA BIRLA FASHION  RETAIL LIMIT/HDFC0000060",49000.00,0.00
10-06-2024,10-06-2024,,,CHANDIGARH~CASH~ABFRL~,0.00,195700.00
07-06-2024,07-06-2024,,,CHANDIGARH~CASH~ABFRL~,0.00,49000.00
06-06-2024,06-06-2024,,,"NEFT/IDFBH24158832343/ADITYA BIRLA FASHION  RETAIL LIMIT/HDFC0000060",17400.00,0.00
05-06-2024,05-06-2024,,,"NEFT/IDFBH24157599320/ADITYA BIRLA FASHION  RETAIL LIMIT/HDFC0000060",10500.00,0.00
05-06-2024,05-06-2024,,,CHANDIGARH~CASH~ABFRL~,0.00,17400.00
04-06-2024,04-06-2024,,,"NEFT/IDFBH24156287527/ADITYA BIRLA FASHION  RETAIL LIMIT/HDFC0000060",200100.00,0.00
04-06-2024,04-06-2024,,,CHANDIGARH~CASH~ABFRL~,0.00,10500.00
03-06-2024,03-06-2024,,,CHANDIGARH~CASH~ABFRL~,0.00,200100.00
01-06-2024,01-06-2024,,,"NEFT/IDFBH24153687406/ADITYA BIRLA FASHION  RETAIL LIMIT/HDFC0000060",22000.00,0.00
31-05-2024,31-05-2024,,,CHANDIGARH~CASH~ABFRL~,0.00,22000.00
31-05-2024,31-05-2024,,,"NEFT/IDFBH24152323308/ADITYA BIRLA FASHION  RETAIL LIMIT/HDFC0000060",37000.00,0.00
30-05-2024,30-05-2024,,,CHANDIGARH~CASH~ABFRL~,0.00,37000.00
30-05-2024,30-05-2024,,,"NEFT/IDFBH24151100848/ADITYA BIRLA FASHION  RETAIL LIMIT/HDFC0000060",120900.00,0.00
29-05-2024,29-05-2024,,,CHANDIGARH~CASH~ABFRL~,0.00,120900.00
29-05-2024,29-05-2024,,,"NEFT/IDFBH24150889021/ADITYA BIRLA FASHION  RETAIL LIMIT/HDFC0000060",21500.00,0.00
28-05-2024,28-05-2024,,,CHANDIGARH~CASH~ABFRL~,0.00,21500.00
28-05-2024,28-05-2024,,,"NEFT/IDFBH24149623270/ADITYA BIRLA FASHION  RETAIL LIMIT/HDFC0000060",270300.00,0.00
27-05-2024,27-05-2024,,,CHANDIGARH~CASH~ABFRL~,0.00,270300.00
24-05-2024,24-05-2024,,,"NEFT/IDFBH24145961274/ADITYA BIRLA FASHION  RETAIL LIMIT/HDFC0000060",86400.00,0.00
23-05-2024,23-05-2024,,,CHANDIGARH~CASH~ABFRL~,0.00,22400.00
22-05-2024,22-05-2024,,,CHANDIGARH~CASH~ABFRL~,0.00,64000.00
22-05-2024,22-05-2024,,,"NEFT/IDFBH24143633456/ADITYA BIRLA FASHION  RETAIL LIMIT/HDFC0000060",128159.00,0.00
21-05-2024,21-05-2024,,,AMRITSAR~CASH~ABFRL~,0.00,25962.00
21-05-2024,21-05-2024,,,CHANDIGARH~CASH~ABFRL~,0.00,21900.00
21-05-2024,21-05-2024,,,"HYDERABAD CASH DEPOSIT~CASH~ABFRL~",0.00,31510.00
21-05-2024,21-05-2024,,,INDORE~CASH~ABFRL~,0.00,30710.00
21-05-2024,21-05-2024,,,JALPAIGURI~CASH~ABFRL~,0.00,18077.00
21-05-2024,21-05-2024,,,"NEFT/IDFBH24142448339/ADITYA BIRLA FASHION  RETAIL LIMIT/HDFC0000060",1001179.00,0.00
20-05-2024,20-05-2024,,,AMRITSAR~CASH~ABFRL~,0.00,64057.00
20-05-2024,20-05-2024,,,"BANGALORE FOR CASH BURIAL~CASH~ABFRL~",0.00,78530.00
20-05-2024,20-05-2024,,,CHANDIGARH~CASH~ABFRL~,0.00,222900.00
20-05-2024,20-05-2024,,,"CHENNAI CASH FOR BURIAL / PB~CASH~ABFRL~",0.00,97290.00
20-05-2024,20-05-2024,,,"DELHI FOR CASH BURIAL~CASH~ABFRL~",0.00,228310.00
20-05-2024,20-05-2024,,,"HYDERABAD CASH DEPOSIT~CASH~ABFRL~",0.00,37020.00
20-05-2024,20-05-2024,,,INDORE~CASH~ABFRL~,0.00,68490.00
20-05-2024,20-05-2024,,,JALPAIGURI~CASH~ABFRL~,0.00,108318.00
20-05-2024,20-05-2024,,,MOHALI~CASH~ABFRL~,0.00,46894.00
20-05-2024,20-05-2024,,,"NEFT/IDFBH24141283783/ADITYA BIRLA FASHION  RETAIL LIMIT/HDFC0000060",392151.00,0.00
20-05-2024,20-05-2024,,,"PUNE CASH COLLECTIONS~CASH~ABFRL~",0.00,49370.00
18-05-2024,18-05-2024,,,AMRITSAR~CASH~ABFRL~,0.00,33584.00
18-05-2024,18-05-2024,,,"BANGALORE FOR CASH BURIAL~CASH~ABFRL~",0.00,40450.00
18-05-2024,18-05-2024,,,CHANDIGARH~CASH~ABFRL~,0.00,80900.00
18-05-2024,18-05-2024,,,"CHENNAI CASH FOR BURIAL / PB~CASH~ABFRL~",0.00,56050.00
18-05-2024,18-05-2024,,,"DELHI FOR CASH BURIAL~CASH~ABFRL~",0.00,84500.00
18-05-2024,18-05-2024,,,"HYDERABAD CASH DEPOSIT~CASH~ABFRL~",0.00,1600.00
18-05-2024,18-05-2024,,,INDORE~CASH~ABFRL~,0.00,34500.00
18-05-2024,18-05-2024,,,JALPAIGURI~CASH~ABFRL~,0.00,23580.00
18-05-2024,18-05-2024,,,MOHALI~CASH~ABFRL~,0.00,15187.00
18-05-2024,18-05-2024,,,"NEFT/IDFBH24139067186/ADITYA BIRLA FASHION  RETAIL LIMIT/HDFC0000060",293171.00,0.00
18-05-2024,18-05-2024,,,"PUNE CASH COLLECTIONS~CASH~ABFRL~",0.00,21800.00
17-05-2024,17-05-2024,,,AMRITSAR~CASH~ABFRL~,0.00,8290.00
17-05-2024,17-05-2024,,,"BANGALORE FOR CASH BURIAL~CASH~ABFRL~",0.00,55550.00
17-05-2024,17-05-2024,,,CHANDIGARH~CASH~ABFRL~,0.00,7900.00
17-05-2024,17-05-2024,,,"CHENNAI CASH FOR BURIAL / PB~CASH~ABFRL~",0.00,55900.00
17-05-2024,17-05-2024,,,"DELHI FOR CASH BURIAL~CASH~ABFRL~",0.00,71160.00
17-05-2024,17-05-2024,,,"HYDERABAD CASH DEPOSIT~CASH~ABFRL~",0.00,4600.00
17-05-2024,17-05-2024,,,INDORE~CASH~ABFRL~,0.00,21920.00
17-05-2024,17-05-2024,,,JALPAIGURI~CASH~ABFRL~,0.00,22768.00
17-05-2024,17-05-2024,,,MOHALI~CASH~ABFRL~,0.00,9033.00
17-05-2024,17-05-2024,,,"NEFT/IDFBH24138903241/ADITYA BIRLA FASHION  RETAIL LIMIT/HDFC0000060",328008.00,0.00
17-05-2024,17-05-2024,,,"PUNE CASH COLLECTIONS~CASH~ABFRL~",0.00,36050.00
16-05-2024,16-05-2024,,,AMRITSAR~CASH~ABFRL~,0.00,5141.00
16-05-2024,16-05-2024,,,"BANGALORE FOR CASH BURIAL~CASH~ABFRL~",0.00,28380.00
16-05-2024,16-05-2024,,,CHANDIGARH~CASH~ABFRL~,0.00,47900.00
16-05-2024,16-05-2024,,,"CHENNAI CASH FOR BURIAL / PB~CASH~ABFRL~",0.00,78100.00
16-05-2024,16-05-2024,,,"DELHI FOR CASH BURIAL~CASH~ABFRL~",0.00,77130.00
16-05-2024,16-05-2024,,,"HYDERABAD CASH DEPOSIT~CASH~ABFRL~",0.00,8500.00
16-05-2024,16-05-2024,,,INDORE~CASH~ABFRL~,0.00,30760.00
16-05-2024,16-05-2024,,,JALPAIGURI~CASH~ABFRL~,0.00,25730.00
16-05-2024,16-05-2024,,,MOHALI~CASH~ABFRL~,0.00,14487.00
16-05-2024,16-05-2024,,,"NEFT/IDFBH24137701507/ADITYA BIRLA FASHION  RETAIL LIMIT/HDFC0000060",287188.00,0.00
16-05-2024,16-05-2024,,,"PUNE CASH COLLECTIONS~CASH~ABFRL~",0.00,11880.00
15-05-2024,15-05-2024,,,AMRITSAR~CASH~ABFRL~,0.00,4644.00
15-05-2024,15-05-2024,,,"BANGALORE FOR CASH BURIAL~CASH~ABFRL~",0.00,32650.00
15-05-2024,15-05-2024,,,CHANDIGARH~CASH~ABFRL~,0.00,52000.00
15-05-2024,15-05-2024,,,"CHENNAI CASH FOR BURIAL / PB~CASH~ABFRL~",0.00,54000.00
15-05-2024,15-05-2024,,,"DELHI FOR CASH BURIAL~CASH~ABFRL~",0.00,66270.00
15-05-2024,15-05-2024,,,"HYDERABAD CASH DEPOSIT~CASH~ABFRL~",0.00,10490.00
15-05-2024,15-05-2024,,,INDORE~CASH~ABFRL~,0.00,29520.00
15-05-2024,15-05-2024,,,JALPAIGURI~CASH~ABFRL~,0.00,18025.00
15-05-2024,15-05-2024,,,MOHALI~CASH~ABFRL~,0.00,6289.00
15-05-2024,15-05-2024,,,"NEFT/IDFBH24136462601/ADITYA BIRLA FASHION  RETAIL LIMIT/HDFC0000060",429459.00,0.00
15-05-2024,15-05-2024,,,"PUNE CASH COLLECTIONS~CASH~ABFRL~",0.00,13300.00
14-05-2024,14-05-2024,,,AMRITSAR~CASH~ABFRL~,0.00,19776.00
14-05-2024,14-05-2024,,,"BANGALORE FOR CASH BURIAL~CASH~ABFRL~",0.00,41050.00
14-05-2024,14-05-2024,,,CHANDIGARH~CASH~ABFRL~,0.00,27500.00
14-05-2024,14-05-2024,,,"CHENNAI CASH FOR BURIAL / PB~CASH~ABFRL~",0.00,26600.00
14-05-2024,14-05-2024,,,"DELHI FOR CASH BURIAL~CASH~ABFRL~",0.00,53800.00
14-05-2024,14-05-2024,,,"HYDERABAD CASH DEPOSIT~CASH~ABFRL~",0.00,41300.00
14-05-2024,14-05-2024,,,INDORE~CASH~ABFRL~,0.00,116410.00
14-05-2024,14-05-2024,,,JALPAIGURI~CASH~ABFRL~,0.00,19278.00
14-05-2024,14-05-2024,,,MOHALI~CASH~ABFRL~,0.00,9235.00
14-05-2024,14-05-2024,,,"NEFT/IDFBH24135251479/ADITYA BIRLA FASHION  RETAIL LIMIT/HDFC0000060",1161115.00,0.00
14-05-2024,14-05-2024,,,"PUNE CASH COLLECTIONS~CASH~ABFRL~",0.00,74510.00
13-05-2024,13-05-2024,,,AMRITSAR~CASH~ABFRL~,0.00,117702.00
13-05-2024,13-05-2024,,,"BANGALORE FOR CASH BURIAL~CASH~ABFRL~",0.00,184050.00
13-05-2024,13-05-2024,,,CHANDIGARH~CASH~ABFRL~,0.00,204000.00
13-05-2024,13-05-2024,,,"CHENNAI CASH FOR BURIAL / PB~CASH~ABFRL~",0.00,107120.00
13-05-2024,13-05-2024,,,"DELHI FOR CASH BURIAL~CASH~ABFRL~",0.00,312930.00
13-05-2024,13-05-2024,,,JALPAIGURI~CASH~ABFRL~,0.00,131651.00
13-05-2024,13-05-2024,,,MOHALI~CASH~ABFRL~,0.00,103662.00
13-05-2024,13-05-2024,,,"NEFT/IDFBH24134041850/ADITYA BIRLA FASHION  RETAIL LIMIT/HDFC0000060",185517.00,0.00
10-05-2024,10-05-2024,,,AMRITSAR~CASH~ABFRL~,0.00,21822.00
10-05-2024,10-05-2024,,,CHANDIGARH~CASH~ABFRL~,0.00,21000.00
10-05-2024,10-05-2024,,,"CHENNAI CASH FOR BURIAL / PB~CASH~ABFRL~",0.00,20200.00
10-05-2024,10-05-2024,,,"DELHI FOR CASH BURIAL~CASH~ABFRL~",0.00,41950.00
10-05-2024,10-05-2024,,,"HYDERABAD CASH DEPOSIT~CASH~ABFRL~",0.00,1740.00
10-05-2024,10-05-2024,,,INDORE~CASH~ABFRL~,0.00,28200.00
10-05-2024,10-05-2024,,,JALPAIGURI~CASH~ABFRL~,0.00,25965.00
10-05-2024,10-05-2024,,,MOHALI~CASH~ABFRL~,0.00,14680.00
10-05-2024,10-05-2024,,,"NEFT/IDFBH24131560217/ADITYA BIRLA FASHION  RETAIL LIMIT/HDFC0000060",350000.00,0.00
10-05-2024,10-05-2024,,,"PUNE CASH COLLECTIONS~CASH~ABFRL~",0.00,9960.00
09-05-2024,09-05-2024,,,AMRITSAR~CASH~ABFRL~,0.00,17280.00
09-05-2024,09-05-2024,,,"BANGALORE FOR CASH BURIAL~CASH~ABFRL~",0.00,10100.00
09-05-2024,09-05-2024,,,CHANDIGARH~CASH~ABFRL~,0.00,79400.00
09-05-2024,09-05-2024,,,"CHENNAI CASH FOR BURIAL / PB~CASH~ABFRL~",0.00,40300.00
09-05-2024,09-05-2024,,,"DELHI FOR CASH BURIAL~CASH~ABFRL~",0.00,121020.00
09-05-2024,09-05-2024,,,"HYDERABAD CASH DEPOSIT~CASH~ABFRL~",0.00,5000.00
09-05-2024,09-05-2024,,,INDORE~CASH~ABFRL~,0.00,21370.00
09-05-2024,09-05-2024,,,JALPAIGURI~CASH~ABFRL~,0.00,40202.00
09-05-2024,09-05-2024,,,MOHALI~CASH~ABFRL~,0.00,7338.00
09-05-2024,09-05-2024,,,"NEFT/IDFBH24130349607/ADITYA BIRLA FASHION  RETAIL LIMIT/HDFC0000060",300850.00,0.00
09-05-2024,09-05-2024,,,"PUNE CASH COLLECTIONS~CASH~ABFRL~",0.00,7990.00
08-05-2024,08-05-2024,,,AMRITSAR~CASH~ABFRL~,0.00,31075.00
08-05-2024,08-05-2024,,,"BANGALORE FOR CASH BURIAL~CASH~ABFRL~",0.00,40850.00
08-05-2024,08-05-2024,,,CHANDIGARH~CASH~ABFRL~,0.00,115000.00
08-05-2024,08-05-2024,,,"CHENNAI CASH FOR BURIAL / PB~CASH~ABFRL~",0.00,52970.00
08-05-2024,08-05-2024,,,"HYDERABAD CASH DEPOSIT~CASH~ABFRL~",0.00,5200.00
08-05-2024,08-05-2024,,,INDORE~CASH~ABFRL~,0.00,23350.00
08-05-2024,08-05-2024,,,MOHALI~CASH~ABFRL~,0.00,9985.00
08-05-2024,08-05-2024,,,"NEFT/IDFBH24129141783/ADITYA BIRLA FASHION  RETAIL LIMIT/HDFC0000060",293651.00,0.00
08-05-2024,08-05-2024,,,"PUNE CASH COLLECTIONS~CASH~ABFRL~",0.00,22420.00
07-05-2024,07-05-2024,,,AMRITSAR~CASH~ABFRL~,0.00,20610.00
07-05-2024,07-05-2024,,,"BANGALORE FOR CASH BURIAL~CASH~ABFRL~",0.00,28200.00
07-05-2024,07-05-2024,,,CHANDIGARH~CASH~ABFRL~,0.00,82000.00
07-05-2024,07-05-2024,,,"CHENNAI CASH FOR BURIAL / PB~CASH~ABFRL~",0.00,34550.00
07-05-2024,07-05-2024,,,"HYDERABAD CASH DEPOSIT~CASH~ABFRL~",0.00,4850.00
07-05-2024,07-05-2024,,,INDORE~CASH~ABFRL~,0.00,17370.00
07-05-2024,07-05-2024,,,JALPAIGURI~CASH~ABFRL~,0.00,44403.00
07-05-2024,07-05-2024,,,MOHALI~CASH~ABFRL~,0.00,8188.00
07-05-2024,07-05-2024,,,"NEFT/IDFBH24128866309/ADITYA BIRLA FASHION  RETAIL LIMIT/HDFC0000060",821212.00,0.00
07-05-2024,07-05-2024,,,"PUNE CASH COLLECTIONS~CASH~ABFRL~",0.00,53480.00
06-05-2024,06-05-2024,,,AMRITSAR~CASH~ABFRL~,0.00,75591.00
06-05-2024,06-05-2024,,,"BANGALORE FOR CASH BURIAL~CASH~ABFRL~",0.00,85370.00
06-05-2024,06-05-2024,,,CHANDIGARH~CASH~ABFRL~,0.00,138600.00
06-05-2024,06-05-2024,,,"CHENNAI CASH FOR BURIAL / PB~CASH~ABFRL~",0.00,149910.00
06-05-2024,06-05-2024,,,"DELHI FOR CASH BURIAL~CASH~ABFRL~",0.00,147850.00
06-05-2024,06-05-2024,,,"HYDERABAD CASH DEPOSIT~CASH~ABFRL~",0.00,16900.00
06-05-2024,06-05-2024,,,INDORE~CASH~ABFRL~,0.00,62380.00
06-05-2024,06-05-2024,,,JALPAIGURI~CASH~ABFRL~,0.00,107994.00
06-05-2024,06-05-2024,,,MOHALI~CASH~ABFRL~,0.00,36617.00
06-05-2024,06-05-2024,,,"NEFT/IDFBH24127557192/ADITYA BIRLA FASHION  RETAIL LIMIT/HDFC0000060",290844.00,0.00
04-05-2024,04-05-2024,,,AMRITSAR~CASH~ABFRL~,0.00,12232.00
04-05-2024,04-05-2024,,,"BANGALORE FOR CASH BURIAL~CASH~ABFRL~",0.00,33840.00
04-05-2024,04-05-2024,,,CHANDIGARH~CASH~ABFRL~,0.00,75500.00
04-05-2024,04-05-2024,,,"CHENNAI CASH FOR BURIAL / PB~CASH~ABFRL~",0.00,43900.00
04-05-2024,04-05-2024,,,"DELHI FOR CASH BURIAL~CASH~ABFRL~",0.00,48590.00
04-05-2024,04-05-2024,,,"HYDERABAD CASH DEPOSIT~CASH~ABFRL~",0.00,5630.00
04-05-2024,04-05-2024,,,INDORE~CASH~ABFRL~,0.00,24520.00
04-05-2024,04-05-2024,,,JALPAIGURI~CASH~ABFRL~,0.00,35897.00
04-05-2024,04-05-2024,,,MOHALI~CASH~ABFRL~,0.00,10735.00
04-05-2024,04-05-2024,,,"NEFT/IDFBH24125267520/ADITYA BIRLA FASHION  RETAIL LIMIT/HDFC0000060",194489.00,0.00
03-05-2024,03-05-2024,,,AMRITSAR~CASH~ABFRL~,0.00,8486.00
03-05-2024,03-05-2024,,,"BANGALORE FOR CASH BURIAL~CASH~ABFRL~",0.00,15290.00
03-05-2024,03-05-2024,,,CHANDIGARH~CASH~ABFRL~,0.00,34000.00
03-05-2024,03-05-2024,,,"CHENNAI CASH FOR BURIAL / PB~CASH~ABFRL~",0.00,39620.00
03-05-2024,03-05-2024,,,"DELHI FOR CASH BURIAL~CASH~ABFRL~",0.00,34670.00
03-05-2024,03-05-2024,,,"HYDERABAD CASH DEPOSIT~CASH~ABFRL~",0.00,4700.00
03-05-2024,03-05-2024,,,INDORE~CASH~ABFRL~,0.00,19620.00
03-05-2024,03-05-2024,,,JALPAIGURI~CASH~ABFRL~,0.00,18170.00
03-05-2024,03-05-2024,,,MOHALI~CASH~ABFRL~,0.00,11933.00
03-05-2024,03-05-2024,,,"NEFT/IDFBH24124057966/ADITYA BIRLA FASHION  RETAIL LIMIT/HDFC0000060",432217.00,0.00
03-05-2024,03-05-2024,,,"PUNE CASH COLLECTIONS~CASH~ABFRL~",0.00,8000.00
02-05-2024,02-05-2024,,,AMRITSAR~CASH~ABFRL~,0.00,26262.00
02-05-2024,02-05-2024,,,"BANGALORE FOR CASH BURIAL~CASH~ABFRL~",0.00,49450.00
02-05-2024,02-05-2024,,,CHANDIGARH~CASH~ABFRL~,0.00,25500.00
02-05-2024,02-05-2024,,,"CHENNAI CASH FOR BURIAL / PB~CASH~ABFRL~",0.00,138920.00
02-05-2024,02-05-2024,,,"DELHI FOR CASH BURIAL~CASH~ABFRL~",0.00,57320.00
02-05-2024,02-05-2024,,,"HYDERABAD CASH DEPOSIT~CASH~ABFRL~",0.00,8090.00
02-05-2024,02-05-2024,,,INDORE~CASH~ABFRL~,0.00,24500.00
02-05-2024,02-05-2024,,,JALPAIGURI~CASH~ABFRL~,0.00,65366.00
02-05-2024,02-05-2024,,,MOHALI~CASH~ABFRL~,0.00,9989.00
02-05-2024,02-05-2024,,,"NEFT/IDFBH24123847971/ADITYA BIRLA FASHION  RETAIL LIMIT/HDFC0000060",173288.00,0.00
02-05-2024,02-05-2024,,,"PUNE CASH COLLECTIONS~CASH~ABFRL~",0.00,26820.00
01-05-2024,01-05-2024,,,CHANDIGARH~CASH~ABFRL~,0.00,8800.00
01-05-2024,01-05-2024,,,"DELHI FOR CASH BURIAL~CASH~ABFRL~",0.00,47873.00
01-05-2024,01-05-2024,,,INDORE~CASH~ABFRL~,0.00,19300.00
01-05-2024,01-05-2024,,,MOHALI~CASH~ABFRL~,0.00,3295.00
01-05-2024,01-05-2024,,,"NEFT/IDFBH24122681953/ADITYA BIRLA FASHION  RETAIL LIMIT/HDFC0000060",240845.00,0.00
01-05-2024,01-05-2024,,,"PUNE CASH COLLECTIONS~CASH~ABFRL~",0.00,94020.00
30-04-2024,30-04-2024,--,,AMRITSAR~CASH~ABFRL~,0.00,15328.00
30-04-2024,30-04-2024,--,,"BANGALORE FOR CASH BURIAL~CASH~ABFRL~",0.00,16750.00
30-04-2024,30-04-2024,--,,CHANDIGARH~CASH~ABFRL~,0.00,22720.00
30-04-2024,30-04-2024,--,,"CHENNAI CASH FOR BURIAL / PB~CASH~ABFRL~",0.00,55860.00
30-04-2024,30-04-2024,--,,"DELHI FOR CASH BURIAL~CASH~ABFRL~",0.00,78130.00
30-04-2024,30-04-2024,--,,"HYDERABAD CASH DEPOSIT~CASH~ABFRL~",0.00,8500.00
30-04-2024,30-04-2024,--,,INDORE~CASH~ABFRL~,0.00,11250.00
30-04-2024,30-04-2024,--,,JALPAIGURI~CASH~ABFRL~,0.00,17728.00
30-04-2024,30-04-2024,--,,MOHALI~CASH~ABFRL~,0.00,14579.00
30-04-2024,30-04-2024,--,,"NEFT/IDFBH24121334224/ADITYA BIRLA FASHION  RETAIL LIMIT/HDFC0000060",1636482.00,0.00
29-04-2024,29-04-2024,--,,AMRITSAR~CASH~ABFRL~,0.00,115169.00
29-04-2024,29-04-2024,--,,"BANGALORE FOR CASH BURIAL~CASH~ABFRL~",0.00,229550.00
29-04-2024,29-04-2024,--,,CHANDIGARH~CASH~ABFRL~,0.00,343100.00
29-04-2024,29-04-2024,--,,"CHENNAI CASH FOR BURIAL / PB~CASH~ABFRL~",0.00,224300.00
29-04-2024,29-04-2024,--,,"DELHI FOR CASH BURIAL~CASH~ABFRL~",0.00,313990.00
29-04-2024,29-04-2024,--,,"HYDERABAD CASH DEPOSIT~CASH~ABFRL~",0.00,43350.00
29-04-2024,29-04-2024,--,,INDORE~CASH~ABFRL~,0.00,120490.00
29-04-2024,29-04-2024,--,,JALPAIGURI~CASH~ABFRL~,0.00,164645.00
29-04-2024,29-04-2024,--,,MOHALI~CASH~ABFRL~,0.00,81888.00
29-04-2024,29-04-2024,--,,"NEFT/IDFBH24120110706/ADITYA BIRLA FASHION  RETAIL LIMIT/HDFC0000060",241628.00,0.00
26-04-2024,26-04-2024,--,,AMRITSAR~CASH~ABFRL~,0.00,19672.00
26-04-2024,26-04-2024,--,,CHANDIGARH~CASH~ABFRL~,0.00,61500.00
26-04-2024,26-04-2024,--,,"CHENNAI CASH FOR BURIAL / PB~CASH~ABFRL~",0.00,84400.00
26-04-2024,26-04-2024,--,,"HYDERABAD CASH DEPOSIT~CASH~ABFRL~",0.00,14720.00
26-04-2024,26-04-2024,--,,INDORE~CASH~ABFRL~,0.00,30100.00
26-04-2024,26-04-2024,--,,MOHALI~CASH~ABFRL~,0.00,17036.00
26-04-2024,26-04-2024,--,,"NEFT/IDFBH24117716768/ADITYA BIRLA FASHION  RETAIL LIMIT/HDFC0000060",285375.00,0.00
26-04-2024,26-04-2024,--,,"PUNE CASH COLLECTIONS~CASH~ABFRL~",0.00,14200.00
25-04-2024,25-04-2024,--,,AMRITSAR~CASH~ABFRL~,0.00,23110.00
25-04-2024,25-04-2024,--,,"BANGALORE FOR CASH BURIAL~CASH~ABFRL~",0.00,16200.00
25-04-2024,25-04-2024,--,,CHANDIGARH~CASH~ABFRL~,0.00,95000.00
25-04-2024,25-04-2024,--,,"CHENNAI CASH FOR BURIAL / PB~CASH~ABFRL~",0.00,34850.00
25-04-2024,25-04-2024,--,,"DELHI FOR CASH BURIAL~CASH~ABFRL~",0.00,52680.00
25-04-2024,25-04-2024,--,,"HYDERABAD CASH DEPOSIT~CASH~ABFRL~",0.00,9130.00
25-04-2024,25-04-2024,--,,INDORE~CASH~ABFRL~,0.00,21820.00
25-04-2024,25-04-2024,--,,MOHALI~CASH~ABFRL~,0.00,10235.00
25-04-2024,25-04-2024,--,,"NEFT/IDFBH24116529202/ADITYA BIRLA FASHION  RETAIL LIMIT/HDFC0000060",235926.00,0.00
25-04-2024,25-04-2024,--,,"PUNE CASH COLLECTIONS~CASH~ABFRL~",0.00,22350.00
24-04-2024,24-04-2024,--,,AMRITSAR~CASH~ABFRL~,0.00,22532.00
24-04-2024,24-04-2024,--,,"BANGALORE FOR CASH BURIAL~CASH~ABFRL~",0.00,31000.00
24-04-2024,24-04-2024,--,,CHANDIGARH~CASH~ABFRL~,0.00,27000.00
24-04-2024,24-04-2024,--,,"CHENNAI CASH FOR BURIAL / PB~CASH~ABFRL~",0.00,13830.00
24-04-2024,24-04-2024,--,,"DELHI FOR CASH BURIAL~CASH~ABFRL~",0.00,56480.00
24-04-2024,24-04-2024,--,,"HYDERABAD CASH DEPOSIT~CASH~ABFRL~",0.00,1600.00
24-04-2024,24-04-2024,--,,INDORE~CASH~ABFRL~,0.00,18800.00
24-04-2024,24-04-2024,--,,JALPAIGURI~CASH~ABFRL~,0.00,18779.00
24-04-2024,24-04-2024,--,,MOHALI~CASH~ABFRL~,0.00,32805.00
24-04-2024,24-04-2024,--,,"NEFT/IDFBH24115336939/ADITYA BIRLA FASHION  RETAIL LIMIT/HDFC0000060",213056.00,0.00
24-04-2024,24-04-2024,--,,"PUNE CASH COLLECTIONS~CASH~ABFRL~",0.00,13100.00
23-04-2024,23-04-2024,--,,AMRITSAR~CASH~ABFRL~,0.00,13942.00
23-04-2024,23-04-2024,--,,"BANGALORE FOR CASH BURIAL~CASH~ABFRL~",0.00,25920.00
23-04-2024,23-04-2024,--,,"CHENNAI CASH FOR BURIAL / PB~CASH~ABFRL~",0.00,34520.00
23-04-2024,23-04-2024,--,,"DELHI FOR CASH BURIAL~CASH~ABFRL~",0.00,52900.00
23-04-2024,23-04-2024,--,,"HYDERABAD CASH DEPOSIT~CASH~ABFRL~",0.00,11040.00
23-04-2024,23-04-2024,--,,INDORE~CASH~ABFRL~,0.00,27950.00
23-04-2024,23-04-2024,--,,JALPAIGURI~CASH~ABFRL~,0.00,23569.00
23-04-2024,23-04-2024,--,,MOHALI~CASH~ABFRL~,0.00,23215.00
23-04-2024,23-04-2024,--,,"NEFT/IDFBH24114167641/ADITYA BIRLA FASHION  RETAIL LIMIT/HDFC0000060",1454871.00,0.00
22-04-2024,22-04-2024,--,,AMRITSAR~CASH~ABFRL~,0.00,109120.00
22-04-2024,22-04-2024,--,,"BANGALORE FOR CASH BURIAL~CASH~ABFRL~",0.00,115020.00
22-04-2024,22-04-2024,--,,CHANDIGARH~CASH~ABFRL~,0.00,235160.00
22-04-2024,22-04-2024,--,,"CHENNAI CASH FOR BURIAL / PB~CASH~ABFRL~",0.00,259380.00
22-04-2024,22-04-2024,--,,"DELHI FOR CASH BURIAL~CASH~ABFRL~",0.00,260890.00
22-04-2024,22-04-2024,--,,"HYDERABAD CASH DEPOSIT~CASH~ABFRL~",0.00,44190.00
22-04-2024,22-04-2024,--,,INDORE~CASH~ABFRL~,0.00,77860.00
22-04-2024,22-04-2024,--,,JALPAIGURI~CASH~ABFRL~,0.00,169235.00
22-04-2024,22-04-2024,--,,MOHALI~CASH~ABFRL~,0.00,84576.00
22-04-2024,22-04-2024,--,,"NEFT/IDFBH24113973580/ADITYA BIRLA FASHION  RETAIL LIMIT/HDFC0000060",343347.00,0.00
22-04-2024,22-04-2024,--,,"PUNE CASH COLLECTIONS~CASH~ABFRL~",0.00,99440.00
20-04-2024,20-04-2024,--,,AMRITSAR~CASH~ABFRL~,0.00,21512.00
20-04-2024,20-04-2024,--,,"BANGALORE FOR CASH BURIAL~CASH~ABFRL~",0.00,33300.00
20-04-2024,20-04-2024,--,,CHANDIGARH~CASH~ABFRL~,0.00,130800.00
20-04-2024,20-04-2024,--,,"DELHI FOR CASH BURIAL~CASH~ABFRL~",0.00,56160.00
20-04-2024,20-04-2024,--,,"HYDERABAD CASH DEPOSIT~CASH~ABFRL~",0.00,4150.00
20-04-2024,20-04-2024,--,,INDORE~CASH~ABFRL~,0.00,14430.00
20-04-2024,20-04-2024,--,,JALPAIGURI~CASH~ABFRL~,0.00,43266.00
20-04-2024,20-04-2024,--,,MOHALI~CASH~ABFRL~,0.00,10429.00
20-04-2024,20-04-2024,--,,"NEFT/IDFBH24111742808/ADITYA BIRLA FASHION  RETAIL LIMIT/HDFC0000060",268621.00,0.00
20-04-2024,20-04-2024,--,,"PUNE CASH COLLECTIONS~CASH~ABFRL~",0.00,29300.00
19-04-2024,19-04-2024,--,,AMRITSAR~CASH~ABFRL~,0.00,13827.00
19-04-2024,19-04-2024,--,,"BANGALORE FOR CASH BURIAL~CASH~ABFRL~",0.00,36500.00
19-04-2024,19-04-2024,--,,CHANDIGARH~CASH~ABFRL~,0.00,97000.00
19-04-2024,19-04-2024,--,,"DELHI FOR CASH BURIAL~CASH~ABFRL~",0.00,60600.00
19-04-2024,19-04-2024,--,,"HYDERABAD CASH DEPOSIT~CASH~ABFRL~",0.00,7750.00
19-04-2024,19-04-2024,--,,INDORE~CASH~ABFRL~,0.00,21320.00
19-04-2024,19-04-2024,--,,MOHALI~CASH~ABFRL~,0.00,17424.00
19-04-2024,19-04-2024,--,,"NEFT/IDFBH24110572144/ADITYA BIRLA FASHION  RETAIL LIMIT/HDFC0000060",656660.00,0.00
19-04-2024,19-04-2024,--,,"PUNE CASH COLLECTIONS~CASH~ABFRL~",0.00,14200.00
18-04-2024,18-04-2024,--,,AMRITSAR~CASH~ABFRL~,0.00,76480.00
18-04-2024,18-04-2024,--,,"BANGALORE FOR CASH BURIAL~CASH~ABFRL~",0.00,13100.00
18-04-2024,18-04-2024,--,,CHANDIGARH~CASH~ABFRL~,0.00,131225.00
18-04-2024,18-04-2024,--,,"CHENNAI CASH FOR BURIAL / PB~CASH~ABFRL~",0.00,33350.00
18-04-2024,18-04-2024,--,,"DELHI FOR CASH BURIAL~CASH~ABFRL~",0.00,185090.00
18-04-2024,18-04-2024,--,,"HYDERABAD CASH DEPOSIT~CASH~ABFRL~",0.00,31310.00
18-04-2024,18-04-2024,--,,INDORE~CASH~ABFRL~,0.00,30520.00
18-04-2024,18-04-2024,--,,JALPAIGURI~CASH~ABFRL~,0.00,78984.00
18-04-2024,18-04-2024,--,,MOHALI~CASH~ABFRL~,0.00,37201.00
18-04-2024,18-04-2024,--,,"NEFT/IDFBH24109366873/ADITYA BIRLA FASHION  RETAIL LIMIT/HDFC0000060",53500.00,0.00
18-04-2024,18-04-2024,--,,"PUNE CASH COLLECTIONS~CASH~ABFRL~",0.00,39400.00
17-04-2024,17-04-2024,--,,"BANGALORE FOR CASH BURIAL~CASH~ABFRL~",0.00,19250.00
17-04-2024,17-04-2024,--,,"CHENNAI CASH FOR BURIAL / PB~CASH~ABFRL~",0.00,34250.00
17-04-2024,17-04-2024,--,,"NEFT/IDFBH24108229137/ADITYA BIRLA FASHION  RETAIL LIMIT/HDFC0000060",258189.00,0.00
16-04-2024,16-04-2024,--,,AMRITSAR~CASH~ABFRL~,0.00,9038.00
16-04-2024,16-04-2024,--,,"BANGALORE FOR CASH BURIAL~CASH~ABFRL~",0.00,6700.00
16-04-2024,16-04-2024,--,,CHANDIGARH~CASH~ABFRL~,0.00,70100.00
16-04-2024,16-04-2024,--,,"CHENNAI CASH FOR BURIAL / PB~CASH~ABFRL~",0.00,57170.00
16-04-2024,16-04-2024,--,,"HYDERABAD CASH DEPOSIT~CASH~ABFRL~",0.00,3700.00
16-04-2024,16-04-2024,--,,INDORE~CASH~ABFRL~,0.00,31200.00
16-04-2024,16-04-2024,--,,JALPAIGURI~CASH~ABFRL~,0.00,43977.00
16-04-2024,16-04-2024,--,,MOHALI~CASH~ABFRL~,0.00,11734.00
16-04-2024,16-04-2024,--,,"NEFT/IDFBH24107010152/ADITYA BIRLA FASHION  RETAIL LIMIT/HDFC0000060",1631111.00,0.00
16-04-2024,16-04-2024,--,,"PUNE CASH COLLECTIONS~CASH~ABFRL~",0.00,24570.00
15-04-2024,15-04-2024,--,,AMRITSAR~CASH~ABFRL~,0.00,128139.00
15-04-2024,15-04-2024,--,,"BANGALORE FOR CASH BURIAL~CASH~ABFRL~",0.00,142600.00
15-04-2024,15-04-2024,--,,CHANDIGARH~CASH~ABFRL~,0.00,222800.00
15-04-2024,15-04-2024,--,,"CHENNAI CASH FOR BURIAL / PB~CASH~ABFRL~",0.00,337720.00
15-04-2024,15-04-2024,--,,"DELHI FOR CASH BURIAL~CASH~ABFRL~",0.00,243480.00
15-04-2024,15-04-2024,--,,"HYDERABAD CASH DEPOSIT~CASH~ABFRL~",0.00,43480.00
15-04-2024,15-04-2024,--,,INDORE~CASH~ABFRL~,0.00,144920.00
15-04-2024,15-04-2024,--,,JALPAIGURI~CASH~ABFRL~,0.00,140440.00
15-04-2024,15-04-2024,--,,MOHALI~CASH~ABFRL~,0.00,122392.00
15-04-2024,15-04-2024,--,,"NEFT/IDFBH24106783018/ADITYA BIRLA FASHION  RETAIL LIMIT/HDFC0000060",679892.00,0.00
15-04-2024,15-04-2024,--,,"PUNE CASH COLLECTIONS~CASH~ABFRL~",0.00,105140.00
12-04-2024,12-04-2024,--,,AMRITSAR~CASH~ABFRL~,0.00,64640.00
12-04-2024,12-04-2024,--,,"BANGALORE FOR CASH BURIAL~CASH~ABFRL~",0.00,39640.00
12-04-2024,12-04-2024,--,,CHANDIGARH~CASH~ABFRL~,0.00,259300.00
12-04-2024,12-04-2024,--,,"DELHI FOR CASH BURIAL~CASH~ABFRL~",0.00,115450.00
12-04-2024,12-04-2024,--,,"HYDERABAD CASH DEPOSIT~CASH~ABFRL~",0.00,20600.00
12-04-2024,12-04-2024,--,,INDORE~CASH~ABFRL~,0.00,28700.00
12-04-2024,12-04-2024,--,,JALPAIGURI~CASH~ABFRL~,0.00,66775.00
12-04-2024,12-04-2024,--,,MOHALI~CASH~ABFRL~,0.00,63337.00
12-04-2024,12-04-2024,--,,"NEFT/IDFBH24103332077/ADITYA BIRLA FASHION  RETAIL LIMIT/HDFC0000060",359713.00,0.00
12-04-2024,12-04-2024,--,,"PUNE CASH COLLECTIONS~CASH~ABFRL~",0.00,21450.00
10-04-2024,10-04-2024,--,,AMRITSAR~CASH~ABFRL~,0.00,12082.00
10-04-2024,10-04-2024,--,,"BANGALORE FOR CASH BURIAL~CASH~ABFRL~",0.00,48200.00
10-04-2024,10-04-2024,--,,CHANDIGARH~CASH~ABFRL~,0.00,67000.00
10-04-2024,10-04-2024,--,,"CHENNAI CASH FOR BURIAL / PB~CASH~ABFRL~",0.00,77060.00
10-04-2024,10-04-2024,--,,"DELHI FOR CASH BURIAL~CASH~ABFRL~",0.00,58990.00
10-04-2024,10-04-2024,--,,"HYDERABAD CASH DEPOSIT~CASH~ABFRL~",0.00,11690.00
10-04-2024,10-04-2024,--,,INDORE~CASH~ABFRL~,0.00,22900.00
10-04-2024,10-04-2024,--,,JALPAIGURI~CASH~ABFRL~,0.00,29171.00
10-04-2024,10-04-2024,--,,MOHALI~CASH~ABFRL~,0.00,7090.00
10-04-2024,10-04-2024,--,,"NEFT/IDFBH24101952204/ADITYA BIRLA FASHION  RETAIL LIMIT/HDFC0000060",235960.00,0.00
10-04-2024,10-04-2024,--,,"PUNE CASH COLLECTIONS~CASH~ABFRL~",0.00,25530.00
09-04-2024,09-04-2024,--,,AMRITSAR~CASH~ABFRL~,0.00,47849.00
09-04-2024,09-04-2024,--,,CHANDIGARH~CASH~ABFRL~,0.00,54000.00
09-04-2024,09-04-2024,--,,"DELHI FOR CASH BURIAL~CASH~ABFRL~",0.00,56040.00
09-04-2024,09-04-2024,--,,INDORE~CASH~ABFRL~,0.00,10200.00
09-04-2024,09-04-2024,--,,JALPAIGURI~CASH~ABFRL~,0.00,48393.00
09-04-2024,09-04-2024,--,,MOHALI~CASH~ABFRL~,0.00,19478.00
09-04-2024,09-04-2024,--,,"NEFT/IDFBH24100785376/ADITYA BIRLA FASHION  RETAIL LIMIT/HDFC0000060",1090338.00,0.00
08-04-2024,08-04-2024,--,,AMRITSAR~CASH~ABFRL~,0.00,102596.00
08-04-2024,08-04-2024,--,,"BANGALORE FOR CASH BURIAL~CASH~ABFRL~",0.00,84740.00
08-04-2024,08-04-2024,--,,CHANDIGARH~CASH~ABFRL~,0.00,209000.00
08-04-2024,08-04-2024,--,,CHANDIGARH~CASH~ABFRL~,0.00,9000.00
08-04-2024,08-04-2024,--,,"CHENNAI CASH FOR BURIAL / PB~CASH~ABFRL~",0.00,150140.00
08-04-2024,08-04-2024,--,,"DELHI FOR CASH BURIAL~CASH~ABFRL~",0.00,200640.00
08-04-2024,08-04-2024,--,,"HYDERABAD CASH DEPOSIT~CASH~ABFRL~",0.00,34720.00
08-04-2024,08-04-2024,--,,INDORE~CASH~ABFRL~,0.00,77150.00
08-04-2024,08-04-2024,--,,JALPAIGURI~CASH~ABFRL~,0.00,100340.00
08-04-2024,08-04-2024,--,,MOHALI~CASH~ABFRL~,0.00,64012.00
08-04-2024,08-04-2024,--,,"NEFT/IDFBH24099538632/ADITYA BIRLA FASHION  RETAIL LIMIT/HDFC0000060",2045009.00,0.00
08-04-2024,08-04-2024,--,,"PUNE CASH COLLECTIONS~CASH~ABFRL~",0.00,58000.00
06-04-2024,06-04-2024,--,,AMRITSAR~CASH~ABFRL~,0.00,34009.00
06-04-2024,06-04-2024,--,,"BANGALORE FOR CASH BURIAL~CASH~ABFRL~",0.00,40000.00
06-04-2024,06-04-2024,--,,CHANDIGARH~CASH~ABFRL~,0.00,100000.00
06-04-2024,06-04-2024,--,,CHANDIGARH~CASH~ABFRL~,0.00,1691900.00
06-04-2024,06-04-2024,--,,"DELHI FOR CASH BURIAL~CASH~ABFRL~",0.00,69610.00
06-04-2024,06-04-2024,--,,"HYDERABAD CASH DEPOSIT~CASH~ABFRL~",0.00,17330.00
06-04-2024,06-04-2024,--,,INDORE~CASH~ABFRL~,0.00,19270.00
06-04-2024,06-04-2024,--,,JALPAIGURI~CASH~ABFRL~,0.00,52201.00
06-04-2024,06-04-2024,--,,MOHALI~CASH~ABFRL~,0.00,14689.00
06-04-2024,06-04-2024,--,,"NEFT/IDFBH24097211444/ADITYA BIRLA FASHION  RETAIL LIMIT/HDFC0000060",174233.00,0.00
06-04-2024,06-04-2024,--,,"PUNE CASH COLLECTIONS~CASH~ABFRL~",0.00,6000.00
05-04-2024,05-04-2024,--,,AMRITSAR~CASH~ABFRL~,0.00,13401.00
05-04-2024,05-04-2024,--,,"BANGALORE FOR CASH BURIAL~CASH~ABFRL~",0.00,21450.00
05-04-2024,05-04-2024,--,,"CHENNAI CASH FOR BURIAL / PB~CASH~ABFRL~",0.00,18850.00
05-04-2024,05-04-2024,--,,"DELHI FOR CASH BURIAL~CASH~ABFRL~",0.00,57030.00
05-04-2024,05-04-2024,--,,INDORE~CASH~ABFRL~,0.00,11700.00
05-04-2024,05-04-2024,--,,JALPAIGURI~CASH~ABFRL~,0.00,27566.00
05-04-2024,05-04-2024,--,,MOHALI~CASH~ABFRL~,0.00,14036.00
05-04-2024,05-04-2024,--,,"NEFT/IDFBH24096033679/ADITYA BIRLA FASHION  RETAIL LIMIT/HDFC0000060",149988.00,0.00
05-04-2024,05-04-2024,--,,"PUNE CASH COLLECTIONS~CASH~ABFRL~",0.00,10200.00
04-04-2024,04-04-2024,--,,AMRITSAR~CASH~ABFRL~,0.00,12539.00
04-04-2024,04-04-2024,--,,"BANGALORE FOR CASH BURIAL~CASH~ABFRL~",0.00,7900.00
04-04-2024,04-04-2024,--,,"CHENNAI CASH FOR BURIAL / PB~CASH~ABFRL~",0.00,8000.00
04-04-2024,04-04-2024,--,,"DELHI FOR CASH BURIAL~CASH~ABFRL~",0.00,45410.00
04-04-2024,04-04-2024,--,,"HYDERABAD CASH DEPOSIT~CASH~ABFRL~",0.00,6900.00
04-04-2024,04-04-2024,--,,INDORE~CASH~ABFRL~,0.00,15900.00
04-04-2024,04-04-2024,--,,JALPAIGURI~CASH~ABFRL~,0.00,31257.00
04-04-2024,04-04-2024,--,,MOHALI~CASH~ABFRL~,0.00,19682.00
04-04-2024,04-04-2024,--,,"NEFT/IDFBH24095854516/ADITYA BIRLA FASHION  RETAIL LIMIT/HDFC0000060",170501.00,0.00
04-04-2024,04-04-2024,--,,"PUNE CASH COLLECTIONS~CASH~ABFRL~",0.00,2400.00
03-04-2024,03-04-2024,--,,AMRITSAR~CASH~ABFRL~,0.00,21784.00
03-04-2024,03-04-2024,--,,"BANGALORE FOR CASH BURIAL~CASH~ABFRL~",0.00,14150.00
03-04-2024,03-04-2024,--,,"CHENNAI CASH FOR BURIAL / PB~CASH~ABFRL~",0.00,21150.00
03-04-2024,03-04-2024,--,,"DELHI FOR CASH BURIAL~CASH~ABFRL~",0.00,62850.00
03-04-2024,03-04-2024,--,,"HYDERABAD CASH DEPOSIT~CASH~ABFRL~",0.00,3100.00
03-04-2024,03-04-2024,--,,INDORE~CASH~ABFRL~,0.00,6000.00
03-04-2024,03-04-2024,--,,JALPAIGURI~CASH~ABFRL~,0.00,25479.00
03-04-2024,03-04-2024,--,,MOHALI~CASH~ABFRL~,0.00,9888.00
03-04-2024,03-04-2024,--,,"NEFT/IDFBH24094734026/ADITYA BIRLA FASHION  RETAIL LIMIT/HDFC0000060",610562.00,0.00
03-04-2024,03-04-2024,--,,"PUNE CASH COLLECTIONS~CASH~ABFRL~",0.00,6100.00
02-04-2024,02-04-2024,--,,AMRITSAR~CASH~ABFRL~,0.00,94821.00
02-04-2024,02-04-2024,--,,"BANGALORE FOR CASH BURIAL~CASH~ABFRL~",0.00,12200.00
02-04-2024,02-04-2024,--,,"CHENNAI CASH FOR BURIAL / PB~CASH~ABFRL~",0.00,15900.00
02-04-2024,02-04-2024,--,,"DELHI FOR CASH BURIAL~CASH~ABFRL~",0.00,313490.00
02-04-2024,02-04-2024,--,,"HYDERABAD CASH DEPOSIT~CASH~ABFRL~",0.00,6400.00
02-04-2024,02-04-2024,--,,INDORE~CASH~ABFRL~,0.00,82800.00
02-04-2024,02-04-2024,--,,JALPAIGURI~CASH~ABFRL~,0.00,78151.00
02-04-2024,02-04-2024,--,,"NEFT/IDFBH24093494503/ADITYA BIRLA FASHION  RETAIL LIMIT/HDFC0000060",549095.00,0.00
02-04-2024,02-04-2024,--,,"PUNE CASH COLLECTIONS~CASH~ABFRL~",0.00,6800.00
01-04-2024,01-04-2024,--,,"BANGALORE FOR CASH BURIAL~CASH~ABFRL~",0.00,36100.00
01-04-2024,01-04-2024,--,,"CHENNAI CASH FOR BURIAL / PB~CASH~ABFRL~",0.00,65800.00
01-04-2024,01-04-2024,--,,"HYDERABAD CASH DEPOSIT~CASH~ABFRL~",0.00,40420.00
01-04-2024,01-04-2024,--,,MOHALI~CASH~ABFRL~,0.00,33478.00
01-04-2024,01-04-2024,--,,"PUNE CASH COLLECTIONS~CASH~ABFRL~",0.00,58790.00
